periode;OI;maison_mere;perimetre;dep_code;dep_nom;taux_echecs_raccordement;taux_echecs_raccordement_retraite;taux_pannes
11/22 - 04/23;ADTIM FTTH;Axione;reseau;0;Ensemble du réseau;0,0755;NA;0,0012
02/23 - 07/23;ADTIM FTTH;Axione;reseau;0;Ensemble du réseau;0,0691;NA;0,001
05/23 - 10/23;ADTIM FTTH;Axione;reseau;0;Ensemble du réseau;0,0617;0,0617;0,0009
11/22 - 04/23;Aisne THD;Axione;reseau;0;Ensemble du réseau;0,051;NA;0,0004
02/23 - 07/23;Aisne THD;Axione;reseau;0;Ensemble du réseau;0,0516;NA;0,0004
05/23 - 10/23;Aisne THD;Axione;reseau;0;Ensemble du réseau;0,0475;0,0475;0,0003
11/22 - 04/23;Alliance THD;Orange OI;reseau;0;Ensemble du réseau;0,0694;NA;0,0012
02/23 - 07/23;Alliance THD;Orange OI;reseau;0;Ensemble du réseau;0,0649;NA;0,0016
05/23 - 10/23;Alliance THD;Orange OI;reseau;0;Ensemble du réseau;0,063;0,063;0,0017
11/22 - 04/23;Altitude Fibre 21;Altitude;reseau;0;Ensemble du réseau;0,0419;NA;0,0007
02/23 - 07/23;Altitude Fibre 21;Altitude;reseau;0;Ensemble du réseau;0,0601;NA;0,0008
05/23 - 10/23;Altitude Fibre 21;Altitude;reseau;0;Ensemble du réseau;0,0739;0,0534;0,0011
11/22 - 04/23;Altitude Fibre 39;Altitude;reseau;0;Ensemble du réseau;0,0218;NA;0,0008
02/23 - 07/23;Altitude Fibre 39;Altitude;reseau;0;Ensemble du réseau;0,0302;NA;0,0001
05/23 - 10/23;Altitude Fibre 39;Altitude;reseau;0;Ensemble du réseau;0,0259;0,0202;0,0009
11/22 - 04/23;Altitude Fibre 40;Altitude;reseau;0;Ensemble du réseau;0,0316;NA;0,0011
02/23 - 07/23;Altitude Fibre 40;Altitude;reseau;0;Ensemble du réseau;0,0628;NA;0,0009
05/23 - 10/23;Altitude Fibre 40;Altitude;reseau;0;Ensemble du réseau;0,0693;0,0383;0,001
11/22 - 04/23;Anjou Fibre;TDF;reseau;0;Ensemble du réseau;0,0419;NA;0,0006
02/23 - 07/23;Anjou Fibre;TDF;reseau;0;Ensemble du réseau;0,0405;NA;0,0008
05/23 - 10/23;Anjou Fibre;TDF;reseau;0;Ensemble du réseau;0,0441;0,0441;0,0007
11/22 - 04/23;Ariège THD;Orange OI;reseau;0;Ensemble du réseau;0,0316;NA;0,0007
02/23 - 07/23;Ariège THD;Orange OI;reseau;0;Ensemble du réseau;0,0277;NA;0,0011
05/23 - 10/23;Ariège THD;Orange OI;reseau;0;Ensemble du réseau;0,0249;0,0249;0,0012
11/22 - 04/23;Auvergne THD;Orange OI;reseau;0;Ensemble du réseau;0,067;NA;0,0005
02/23 - 07/23;Auvergne THD;Orange OI;reseau;0;Ensemble du réseau;0,0722;NA;0,0006
05/23 - 10/23;Auvergne THD;Orange OI;reseau;0;Ensemble du réseau;0,0676;0,0676;0,0007
11/22 - 04/23;Berry Fibre optique;Axione;reseau;0;Ensemble du réseau;0,0559;NA;0,0011
02/23 - 07/23;Berry Fibre optique;Axione;reseau;0;Ensemble du réseau;0,0553;NA;0,0011
05/23 - 10/23;Berry Fibre optique;Axione;reseau;0;Ensemble du réseau;0,0494;0,0494;0,0014
11/22 - 04/23;Bourgogne Franche Comté Fibre;Orange OI;reseau;0;Ensemble du réseau;0,029;NA;0,0006
02/23 - 07/23;Bourgogne Franche Comté Fibre;Orange OI;reseau;0;Ensemble du réseau;0,0302;NA;0,0006
05/23 - 10/23;Bourgogne Franche Comté Fibre;Orange OI;reseau;0;Ensemble du réseau;0,0271;0,0271;0,0008
11/22 - 04/23;Communauté d'agglomération du plateau de saclay;Orange OI;reseau;0;Ensemble du réseau;0,0403;NA;0,0019
02/23 - 07/23;Communauté d'agglomération du plateau de saclay;Orange OI;reseau;0;Ensemble du réseau;0,0517;NA;0,0021
05/23 - 10/23;Communauté d'agglomération du plateau de saclay;Orange OI;reseau;0;Ensemble du réseau;0,0783;0,0783;0,0023
11/22 - 04/23;Charente-Maritime THD;Orange OI;reseau;0;Ensemble du réseau;0,0495;NA;0,0006
02/23 - 07/23;Charente-Maritime THD;Orange OI;reseau;0;Ensemble du réseau;0,0509;NA;0,0007
05/23 - 10/23;Charente-Maritime THD;Orange OI;reseau;0;Ensemble du réseau;0,0464;0,0464;0,0007
11/22 - 04/23;Chartres Métropole Innovations Numériques;CM'IN;reseau;0;Ensemble du réseau;0,0222;NA;0,0002
02/23 - 07/23;Chartres Métropole Innovations Numériques;CM'IN;reseau;0;Ensemble du réseau;0,0272;NA;0,0002
05/23 - 10/23;Chartres Métropole Innovations Numériques;CM'IN;reseau;0;Ensemble du réseau;0,0228;0,0228;0,0002
11/22 - 04/23;Communauté de Communes du Pays de Bitche;Régies et syndicats;reseau;0;Ensemble du réseau;0,1198;NA;0,0011
02/23 - 07/23;Communauté de Communes du Pays de Bitche;Régies et syndicats;reseau;0;Ensemble du réseau;0,1266;NA;0,001
05/23 - 10/23;Communauté de Communes du Pays de Bitche;Régies et syndicats;reseau;0;Ensemble du réseau;0,1286;0,1286;0,0007
11/22 - 04/23;Connect 76;Altice;reseau;0;Ensemble du réseau;0,0949;NA;0,0038
02/23 - 07/23;Connect 76;Altice;reseau;0;Ensemble du réseau;0,0807;NA;0,0034
05/23 - 10/23;Connect 76;Altice;reseau;0;Ensemble du réseau;0,0582;0,0582;0,0037
11/22 - 04/23;Corsica Fibra;Altice;reseau;0;Ensemble du réseau;0,0945;NA;0,0009
02/23 - 07/23;Corsica Fibra;Altice;reseau;0;Ensemble du réseau;0,085;NA;0,001
05/23 - 10/23;Corsica Fibra;Altice;reseau;0;Ensemble du réseau;0,0685;0,0685;0,0008
11/22 - 04/23;Debitex Telecom;Altice;reseau;0;Ensemble du réseau;0,1612;NA;0,0309
02/23 - 07/23;Debitex Telecom;Altice;reseau;0;Ensemble du réseau;0,1401;NA;0,0257
05/23 - 10/23;Debitex Telecom;Altice;reseau;0;Ensemble du réseau;0,0857;0,0857;0,0233
11/22 - 04/23;Dunkerque Grand Littoral;Altitude (rachats en 2021);reseau;0;Ensemble du réseau;0,1494;NA;0,0009
02/23 - 07/23;Dunkerque Grand Littoral;Altitude (rachats en 2021);reseau;0;Ensemble du réseau;0,2021;NA;0,0007
05/23 - 10/23;Dunkerque Grand Littoral;Altitude (rachats en 2021);reseau;0;Ensemble du réseau;0,1794;0,1461;0,0007
11/22 - 04/23;Emeraude THD;Altitude;reseau;0;Ensemble du réseau;0,0327;NA;0,0004
02/23 - 07/23;Emeraude THD;Altitude;reseau;0;Ensemble du réseau;0,0469;NA;0,0003
05/23 - 10/23;Emeraude THD;Altitude;reseau;0;Ensemble du réseau;0,0403;0,026;0,0003
11/22 - 04/23;Essonne Numérique THD;Altice (rachats en 2020);reseau;0;Ensemble du réseau;0,1411;NA;0,0023
02/23 - 07/23;Essonne Numérique THD;Altice (rachats en 2020);reseau;0;Ensemble du réseau;0,1017;NA;0,0019
05/23 - 10/23;Essonne Numérique THD;Altice (rachats en 2020);reseau;0;Ensemble du réseau;0,0707;0,0707;0,0016
11/22 - 04/23;Eure et Loir THD;Altice;reseau;0;Ensemble du réseau;0,1105;NA;0,0009
02/23 - 07/23;Eure et Loir THD;Altice;reseau;0;Ensemble du réseau;0,112;NA;0,0009
05/23 - 10/23;Eure et Loir THD;Altice;reseau;0;Ensemble du réseau;0,0842;0,0842;0,0008
11/22 - 04/23;Eure Normandie THD;Axione;reseau;0;Ensemble du réseau;0,0528;NA;0,0027
02/23 - 07/23;Eure Normandie THD;Axione;reseau;0;Ensemble du réseau;0,0504;NA;0,0023
05/23 - 10/23;Eure Normandie THD;Axione;reseau;0;Ensemble du réseau;0,0513;0,0513;0,0018
11/22 - 04/23;Faucigny Glières Fibre;TDF;reseau;0;Ensemble du réseau;0,0308;NA;0
02/23 - 07/23;Faucigny Glières Fibre;TDF;reseau;0;Ensemble du réseau;0,0308;NA;0
05/23 - 10/23;Faucigny Glières Fibre;TDF;reseau;0;Ensemble du réseau;0,0568;0,0568;0,0007
11/22 - 04/23;La Fibre 31;Altitude;reseau;0;Ensemble du réseau;0,067;NA;0,0016
02/23 - 07/23;La Fibre 31;Altitude;reseau;0;Ensemble du réseau;0,0969;NA;0,0014
05/23 - 10/23;La Fibre 31;Altitude;reseau;0;Ensemble du réseau;0,0981;0,065;0,0015
11/22 - 04/23;La Fibre 44;Axione;reseau;0;Ensemble du réseau;0,0441;NA;0,0014
02/23 - 07/23;La Fibre 44;Axione;reseau;0;Ensemble du réseau;0,04;NA;0,0012
05/23 - 10/23;La Fibre 44;Axione;reseau;0;Ensemble du réseau;0,0364;0,0364;0,001
11/22 - 04/23;Gers fibre;Orange OI;reseau;0;Ensemble du réseau;0,0784;NA;0,001
02/23 - 07/23;Gers fibre;Orange OI;reseau;0;Ensemble du réseau;0,0785;NA;0,0023
05/23 - 10/23;Gers fibre;Orange OI;reseau;0;Ensemble du réseau;0,1007;0,1007;0,0026
11/22 - 04/23;Gironde THD;Orange OI;reseau;0;Ensemble du réseau;0,0397;NA;0,0008
02/23 - 07/23;Gironde THD;Orange OI;reseau;0;Ensemble du réseau;0,0412;NA;0,0007
05/23 - 10/23;Gironde THD;Orange OI;reseau;0;Ensemble du réseau;0,0422;0,0422;0,0008
11/22 - 04/23;Gonfreville Télécom;Axione;reseau;0;Ensemble du réseau;0,093;NA;0
02/23 - 07/23;Gonfreville Télécom;Axione;reseau;0;Ensemble du réseau;0,049;NA;0,0001
05/23 - 10/23;Gonfreville Télécom;Axione;reseau;0;Ensemble du réseau;0,0655;0,0655;0,0006
11/22 - 04/23;Grand Dax;Orange OI;reseau;0;Ensemble du réseau;0,0469;NA;0,0005
02/23 - 07/23;Grand Dax;Orange OI;reseau;0;Ensemble du réseau;0,0512;NA;0,0004
05/23 - 10/23;Grand Dax;Orange OI;reseau;0;Ensemble du réseau;0,0486;0,0486;0,0004
11/22 - 04/23;Gravelines Network;Altice;reseau;0;Ensemble du réseau;0,2991;NA;0,0003
02/23 - 07/23;Gravelines Network;Altice;reseau;0;Ensemble du réseau;0,2162;NA;0,0005
05/23 - 10/23;Gravelines Network;Altice;reseau;0;Ensemble du réseau;0,1354;0,1354;0,0008
11/22 - 04/23;Guadeloupe digital;Altice;reseau;0;Ensemble du réseau;0,1206;NA;0,0033
02/23 - 07/23;Guadeloupe digital;Altice;reseau;0;Ensemble du réseau;0,1144;NA;0,0023
05/23 - 10/23;Guadeloupe digital;Altice;reseau;0;Ensemble du réseau;0,0729;0,0729;0,0028
11/22 - 04/23;Haute Saône Fibre;Orange OI;reseau;0;Ensemble du réseau;0,0245;NA;0,0004
02/23 - 07/23;Haute Saône Fibre;Orange OI;reseau;0;Ensemble du réseau;0,0224;NA;0,0004
05/23 - 10/23;Haute Saône Fibre;Orange OI;reseau;0;Ensemble du réseau;0,0182;0,0182;0,0005
11/22 - 04/23;Hérault THD;Altice (rachats en 2020);reseau;0;Ensemble du réseau;0,0951;NA;0,001
02/23 - 07/23;Hérault THD;Altice (rachats en 2020);reseau;0;Ensemble du réseau;0,0691;NA;0,0008
05/23 - 10/23;Hérault THD;Altice (rachats en 2020);reseau;0;Ensemble du réseau;0,0488;0,0488;0,0009
11/22 - 04/23;Isère Fibre;Altice;reseau;0;Ensemble du réseau;0,1563;NA;0,0037
02/23 - 07/23;Isère Fibre;Altice;reseau;0;Ensemble du réseau;0,1537;NA;0,0038
05/23 - 10/23;Isère Fibre;Altice;reseau;0;Ensemble du réseau;0,1119;0,1119;0,0037
11/22 - 04/23;Kourou;Orange OI;reseau;0;Ensemble du réseau;0,0546;NA;0,0002
02/23 - 07/23;Kourou;Orange OI;reseau;0;Ensemble du réseau;0,0728;NA;0,0003
05/23 - 10/23;Kourou;Orange OI;reseau;0;Ensemble du réseau;0,0474;0,0474;0,0005
11/22 - 04/23;Vendée Numérique;Altitude;reseau;0;Ensemble du réseau;0,0349;NA;0,0007
02/23 - 07/23;Vendée Numérique;Altitude;reseau;0;Ensemble du réseau;0,0456;NA;0,0006
05/23 - 10/23;Vendée Numérique;Altitude;reseau;0;Ensemble du réseau;0,0455;0,0294;0,0007
11/22 - 04/23;La Fibre Paloise;Axione;reseau;0;Ensemble du réseau;0,0734;NA;0,0004
02/23 - 07/23;La Fibre Paloise;Axione;reseau;0;Ensemble du réseau;0,0692;NA;0,0002
05/23 - 10/23;La Fibre Paloise;Axione;reseau;0;Ensemble du réseau;0,0604;0,0604;0,0002
11/22 - 04/23;Laval THD;Orange OI;reseau;0;Ensemble du réseau;0,0692;NA;0,0006
02/23 - 07/23;Laval THD;Orange OI;reseau;0;Ensemble du réseau;0,0743;NA;0,0009
05/23 - 10/23;Laval THD;Orange OI;reseau;0;Ensemble du réseau;0,0747;0,0747;0,001
11/22 - 04/23;Loiret THD;Altice;reseau;0;Ensemble du réseau;0,0913;NA;0,0015
02/23 - 07/23;Loiret THD;Altice;reseau;0;Ensemble du réseau;0,0829;NA;0,0016
05/23 - 10/23;Loiret THD;Altice;reseau;0;Ensemble du réseau;0,0676;0,0676;0,0016
11/22 - 04/23;Losange;Altitude;reseau;0;Ensemble du réseau;0,0412;NA;0,001
02/23 - 07/23;Losange;Altitude;reseau;0;Ensemble du réseau;0,0638;NA;0,0008
05/23 - 10/23;Losange;Altitude;reseau;0;Ensemble du réseau;0,0762;0,046;0,0007
11/22 - 04/23;Manche Fibre;Altitude;reseau;0;Ensemble du réseau;0,0506;NA;0,0012
02/23 - 07/23;Manche Fibre;Altitude;reseau;0;Ensemble du réseau;0,0679;NA;0,0011
05/23 - 10/23;Manche Fibre;Altitude;reseau;0;Ensemble du réseau;0,0676;0,0482;0,001
11/22 - 04/23;Martinique THD;Altice;reseau;0;Ensemble du réseau;0,0889;NA;0,0016
02/23 - 07/23;Martinique THD;Altice;reseau;0;Ensemble du réseau;0,1033;NA;0,001
05/23 - 10/23;Martinique THD;Altice;reseau;0;Ensemble du réseau;0,0623;0,0623;0,0019
11/22 - 04/23;Mayenne Fibre;Orange OI;reseau;0;Ensemble du réseau;0,0787;NA;0,0015
02/23 - 07/23;Mayenne Fibre;Orange OI;reseau;0;Ensemble du réseau;0,0749;NA;0,0015
05/23 - 10/23;Mayenne Fibre;Orange OI;reseau;0;Ensemble du réseau;0,0578;0,0578;0,0013
11/22 - 04/23;MEL THD;Altice (rachats en 2020);reseau;0;Ensemble du réseau;0,1568;NA;0,0016
02/23 - 07/23;MEL THD;Altice (rachats en 2020);reseau;0;Ensemble du réseau;0,1218;NA;0,001
05/23 - 10/23;MEL THD;Altice (rachats en 2020);reseau;0;Ensemble du réseau;0,1055;0,1055;0,001
11/22 - 04/23;Doubs THD;Altitude;reseau;0;Ensemble du réseau;0,0639;NA;0,0009
02/23 - 07/23;Doubs THD;Altitude;reseau;0;Ensemble du réseau;0,0938;NA;0,0016
05/23 - 10/23;Doubs THD;Altitude;reseau;0;Ensemble du réseau;0,0917;0,0623;0,0015
11/22 - 04/23;Moselle Numérique;Orange OI;reseau;0;Ensemble du réseau;0,0573;NA;0,0004
02/23 - 07/23;Moselle Numérique;Orange OI;reseau;0;Ensemble du réseau;0,0422;NA;0,0006
05/23 - 10/23;Moselle Numérique;Orange OI;reseau;0;Ensemble du réseau;0,0486;0,0486;0,0007
11/22 - 04/23;Niederbronn THD;Altitude;reseau;0;Ensemble du réseau;0,0169;NA;0,0011
02/23 - 07/23;Niederbronn THD;Altitude;reseau;0;Ensemble du réseau;0,0288;NA;0,0009
05/23 - 10/23;Niederbronn THD;Altitude;reseau;0;Ensemble du réseau;0,0324;0,0197;0,0003
11/22 - 04/23;Nouvelle Aquitaine THD;Axione;reseau;0;Ensemble du réseau;0,0476;NA;0,001
02/23 - 07/23;Nouvelle Aquitaine THD;Axione;reseau;0;Ensemble du réseau;0,0492;NA;0,0011
05/23 - 10/23;Nouvelle Aquitaine THD;Axione;reseau;0;Ensemble du réseau;0,0447;0,0447;0,001
11/22 - 04/23;Octogone Fibre;Altitude;reseau;0;Ensemble du réseau;0,0799;NA;0,002
02/23 - 07/23;Octogone Fibre;Altitude;reseau;0;Ensemble du réseau;0,13;NA;0,0031
05/23 - 10/23;Octogone Fibre;Altitude;reseau;0;Ensemble du réseau;0,1291;0,0915;0,0034
11/22 - 04/23;Oise Numérique;Altice;reseau;0;Ensemble du réseau;0,0808;NA;0,0006
02/23 - 07/23;Oise Numérique;Altice;reseau;0;Ensemble du réseau;0,0855;NA;0,0005
05/23 - 10/23;Oise Numérique;Altice;reseau;0;Ensemble du réseau;0,076;0,076;0,0005
11/22 - 04/23;Opalys;Altice;reseau;0;Ensemble du réseau;0,1938;NA;0,0042
02/23 - 07/23;Opalys;Altice;reseau;0;Ensemble du réseau;0,1636;NA;0,0043
05/23 - 10/23;Opalys;Altice;reseau;0;Ensemble du réseau;0,1247;0,1247;0,0043
11/22 - 04/23;Orange OI;Orange OI;reseau;0;Ensemble du réseau;0,0814;NA;0,0005
02/23 - 07/23;Orange OI;Orange OI;reseau;0;Ensemble du réseau;0,1239;NA;0,0004
05/23 - 10/23;Orange OI;Orange OI;reseau;0;Ensemble du réseau;0,1088;0,1088;0,0004
11/22 - 04/23;Orne Métropole THD;Orange OI;reseau;0;Ensemble du réseau;0,0578;NA;0,0009
02/23 - 07/23;Orne Métropole THD;Orange OI;reseau;0;Ensemble du réseau;0,0593;NA;0,0014
05/23 - 10/23;Orne Métropole THD;Orange OI;reseau;0;Ensemble du réseau;0,0984;0,0984;0,0018
11/22 - 04/23;Régie Réunion THD;Orange OI;reseau;0;Ensemble du réseau;0,0183;NA;0,0013
02/23 - 07/23;Régie Réunion THD;Orange OI;reseau;0;Ensemble du réseau;0,0307;NA;0,0008
05/23 - 10/23;Régie Réunion THD;Orange OI;reseau;0;Ensemble du réseau;0,036;0,036;0,0004
11/22 - 04/23;Régie Vienne Numérique;Orange OI;reseau;0;Ensemble du réseau;0,0526;NA;0,0005
02/23 - 07/23;Régie Vienne Numérique;Orange OI;reseau;0;Ensemble du réseau;0,0499;NA;0,0006
05/23 - 10/23;Régie Vienne Numérique;Orange OI;reseau;0;Ensemble du réseau;0,0511;0,0511;0,0007
11/22 - 04/23;Réseau Optique de France;Iliad;reseau;0;Ensemble du réseau;0,1746;NA;0,0027
02/23 - 07/23;Réseau Optique de France;Iliad;reseau;0;Ensemble du réseau;0,1716;NA;0,0024
05/23 - 10/23;Réseau Optique de France;Iliad;reseau;0;Ensemble du réseau;0,1611;0,1611;0,002
11/22 - 04/23;Resoptic;Altitude;reseau;0;Ensemble du réseau;0,2645;NA;0,0014
02/23 - 07/23;Resoptic;Altitude;reseau;0;Ensemble du réseau;0,3083;NA;0,0014
05/23 - 10/23;Resoptic;Altitude;reseau;0;Ensemble du réseau;0,2662;0,2224;0,0017
11/22 - 04/23;Réunicable;Réunicable SAS;reseau;0;Ensemble du réseau;0,0291;NA;0,0007
02/23 - 07/23;Réunicable;Réunicable SAS;reseau;0;Ensemble du réseau;0,0323;NA;0,0007
05/23 - 10/23;Réunicable;Réunicable SAS;reseau;0;Ensemble du réseau;0,0189;0,0189;0,001
11/22 - 04/23;Rosace;Altitude;reseau;0;Ensemble du réseau;0,0626;NA;0,0007
02/23 - 07/23;Rosace;Altitude;reseau;0;Ensemble du réseau;0,0887;NA;0,0005
05/23 - 10/23;Rosace;Altitude;reseau;0;Ensemble du réseau;0,0915;0,0591;0,0005
11/22 - 04/23;Saône-et-Loire THD;Altice (rachats en 2020);reseau;0;Ensemble du réseau;0,0772;NA;0,0014
02/23 - 07/23;Saône-et-Loire THD;Altice (rachats en 2020);reseau;0;Ensemble du réseau;0,1036;NA;0,001
05/23 - 10/23;Saône-et-Loire THD;Altice (rachats en 2020);reseau;0;Ensemble du réseau;0,0842;0,0842;0,0011
11/22 - 04/23;Sarthe Numérique;Axione;reseau;0;Ensemble du réseau;0,0387;NA;0,0007
02/23 - 07/23;Sarthe Numérique;Axione;reseau;0;Ensemble du réseau;0,0421;NA;0,0008
05/23 - 10/23;Sarthe Numérique;Axione;reseau;0;Ensemble du réseau;0,0409;0,0409;0,0008
11/22 - 04/23;Savoie Connectée;Altice;reseau;0;Ensemble du réseau;0,0873;NA;0,0006
02/23 - 07/23;Savoie Connectée;Altice;reseau;0;Ensemble du réseau;0,0935;NA;0,0011
05/23 - 10/23;Savoie Connectée;Altice;reseau;0;Ensemble du réseau;0,0746;0,0746;0,0011
11/22 - 04/23;Seine Essonne THD;Altitude (rachats en 2021);reseau;0;Ensemble du réseau;0,1536;NA;0,0239
02/23 - 07/23;Seine Essonne THD;Altitude (rachats en 2021);reseau;0;Ensemble du réseau;0,1724;NA;0,0185
05/23 - 10/23;Seine Essonne THD;Altitude (rachats en 2021);reseau;0;Ensemble du réseau;0,1641;0,1196;0,0186
11/22 - 04/23;Seine et Marne THD;Altice (rachats en 2020);reseau;0;Ensemble du réseau;0,0938;NA;0,0059
02/23 - 07/23;Seine et Marne THD;Altice (rachats en 2020);reseau;0;Ensemble du réseau;0,0956;NA;0,0048
05/23 - 10/23;Seine et Marne THD;Altice (rachats en 2020);reseau;0;Ensemble du réseau;0,1183;0,1183;0,0048
11/22 - 04/23;Sequantic Telecom;Altitude (rachats en 2021);reseau;0;Ensemble du réseau;0,2136;NA;0,0537
02/23 - 07/23;Sequantic Telecom;Altitude (rachats en 2021);reseau;0;Ensemble du réseau;0,2883;NA;0,0398
05/23 - 10/23;Sequantic Telecom;Altitude (rachats en 2021);reseau;0;Ensemble du réseau;0,3146;0,2621;0,035
11/22 - 04/23;Numéricâble;Altice;reseau;0;Ensemble du réseau;0,0823;NA;0,0021
02/23 - 07/23;Numéricâble;Altice;reseau;0;Ensemble du réseau;0,1074;NA;0,0017
05/23 - 10/23;Numéricâble;Altice;reseau;0;Ensemble du réseau;0,1344;0,1344;0,0015
11/22 - 04/23;SIEA;Régies et syndicats;reseau;0;Ensemble du réseau;0,0789;NA;0,0009
02/23 - 07/23;SIEA;Régies et syndicats;reseau;0;Ensemble du réseau;0,0775;NA;0,001
05/23 - 10/23;SIEA;Régies et syndicats;reseau;0;Ensemble du réseau;0,0651;0,0651;0,0013
11/22 - 04/23;SFR ZTD;Altice;reseau;0;Ensemble du réseau;0,1175;NA;0,004
02/23 - 07/23;SFR ZTD;Altice;reseau;0;Ensemble du réseau;0,1165;NA;0,0038
05/23 - 10/23;SFR ZTD;Altice;reseau;0;Ensemble du réseau;0,1187;0,1187;0,0036
11/22 - 04/23;SFR Réunion;Altice;reseau;0;Ensemble du réseau;0,1773;NA;0,0018
02/23 - 07/23;SFR Réunion;Altice;reseau;0;Ensemble du réseau;0,1582;NA;0,0017
05/23 - 10/23;SFR Réunion;Altice;reseau;0;Ensemble du réseau;0,109;0,109;0,002
11/22 - 04/23;Syndicat Mixte Ouvert Deux Sèvres Numérique;Orange OI;reseau;0;Ensemble du réseau;0,0376;NA;0,0006
02/23 - 07/23;Syndicat Mixte Ouvert Deux Sèvres Numérique;Orange OI;reseau;0;Ensemble du réseau;0,0348;NA;0,0007
05/23 - 10/23;Syndicat Mixte Ouvert Deux Sèvres Numérique;Orange OI;reseau;0;Ensemble du réseau;0,0267;0,0267;0,0007
11/22 - 04/23;Tarn fibre;Altice;reseau;0;Ensemble du réseau;0,1476;NA;0,0019
02/23 - 07/23;Tarn fibre;Altice;reseau;0;Ensemble du réseau;0,1554;NA;0,0026
05/23 - 10/23;Tarn fibre;Altice;reseau;0;Ensemble du réseau;0,1421;0,1421;0,0037
11/22 - 04/23;THD06;Altitude;reseau;0;Ensemble du réseau;0,0581;NA;0,001
02/23 - 07/23;THD06;Altitude;reseau;0;Ensemble du réseau;0,0825;NA;0,0008
05/23 - 10/23;THD06;Altitude;reseau;0;Ensemble du réseau;0,0716;0,052;0,0012
11/22 - 04/23;THD 59 62;Axione;reseau;0;Ensemble du réseau;0,075;NA;0,0007
02/23 - 07/23;THD 59 62;Axione;reseau;0;Ensemble du réseau;0,0702;NA;0,0006
05/23 - 10/23;THD 59 62;Axione;reseau;0;Ensemble du réseau;0,068;0,068;0,0005
11/22 - 04/23;THD Bretagne;Orange OI;reseau;0;Ensemble du réseau;0,0339;NA;0,001
02/23 - 07/23;THD Bretagne;Orange OI;reseau;0;Ensemble du réseau;0,0344;NA;0,001
05/23 - 10/23;THD Bretagne;Orange OI;reseau;0;Ensemble du réseau;0,0342;0,0342;0,0009
11/22 - 04/23;SIEL;Axione;reseau;0;Ensemble du réseau;0,141;NA;0,0012
02/23 - 07/23;SIEL;Axione;reseau;0;Ensemble du réseau;0,135;NA;0,0014
05/23 - 10/23;SIEL;Axione;reseau;0;Ensemble du réseau;0,1308;0,1308;0,0015
11/22 - 04/23;THD64;Altice;reseau;0;Ensemble du réseau;0,1022;NA;0,0019
02/23 - 07/23;THD64;Altice;reseau;0;Ensemble du réseau;0,1083;NA;0,0018
05/23 - 10/23;THD64;Altice;reseau;0;Ensemble du réseau;0,0863;0,0863;0,0016
11/22 - 04/23;Numérique 66;Altitude;reseau;0;Ensemble du réseau;0,0346;NA;0,0003
02/23 - 07/23;Numérique 66;Altitude;reseau;0;Ensemble du réseau;0,0415;NA;0,0004
05/23 - 10/23;Numérique 66;Altitude;reseau;0;Ensemble du réseau;0,0404;0,0272;0,0005
11/22 - 04/23;Tutor Calvados;Altitude (rachats en 2021);reseau;0;Ensemble du réseau;0,1688;NA;0,0048
02/23 - 07/23;Tutor Calvados;Altitude (rachats en 2021);reseau;0;Ensemble du réseau;0,1923;NA;0,004
05/23 - 10/23;Tutor Calvados;Altitude (rachats en 2021);reseau;0;Ensemble du réseau;0,1893;0,1479;0,0047
11/22 - 04/23;Tutor Côte Fleurie;Altitude (rachats en 2021);reseau;0;Ensemble du réseau;0,1328;NA;0,0019
02/23 - 07/23;Tutor Côte Fleurie;Altitude (rachats en 2021);reseau;0;Ensemble du réseau;0,1381;NA;0,0021
05/23 - 10/23;Tutor Côte Fleurie;Altitude (rachats en 2021);reseau;0;Ensemble du réseau;0,118;0,0853;0,0021
11/22 - 04/23;Tutor Europ'Essonne;Altitude (rachats en 2021);reseau;0;Ensemble du réseau;0,2442;NA;0,0509
02/23 - 07/23;Tutor Europ'Essonne;Altitude (rachats en 2021);reseau;0;Ensemble du réseau;0,2874;NA;0,0348
05/23 - 10/23;Tutor Europ'Essonne;Altitude (rachats en 2021);reseau;0;Ensemble du réseau;0,2969;0,2404;0,028
11/22 - 04/23;Tutor Haute-Savoie ;Altitude (rachats en 2021);reseau;0;Ensemble du réseau;0,0979;NA;0,0067
02/23 - 07/23;Tutor Haute-Savoie ;Altitude (rachats en 2021);reseau;0;Ensemble du réseau;0,1325;NA;0,0051
05/23 - 10/23;Tutor Haute-Savoie ;Altitude (rachats en 2021);reseau;0;Ensemble du réseau;0,1214;0,0897;0,0041
11/22 - 04/23;Tutor Nancy;Altitude (rachats en 2021);reseau;0;Ensemble du réseau;0,2453;NA;0,0118
02/23 - 07/23;Tutor Nancy;Altitude (rachats en 2021);reseau;0;Ensemble du réseau;0,3087;NA;0,0113
05/23 - 10/23;Tutor Nancy;Altitude (rachats en 2021);reseau;0;Ensemble du réseau;0,3335;0,2757;0,0133
11/22 - 04/23;Tutor Somme;Altitude (rachats en 2021);reseau;0;Ensemble du réseau;0,0545;NA;0,002
02/23 - 07/23;Tutor Somme;Altitude (rachats en 2021);reseau;0;Ensemble du réseau;0,0656;NA;0,0016
05/23 - 10/23;Tutor Somme;Altitude (rachats en 2021);reseau;0;Ensemble du réseau;0,059;0,0347;0,0014
11/22 - 04/23;Val d’Oise Fibre;TDF;reseau;0;Ensemble du réseau;0,0666;NA;0,0012
02/23 - 07/23;Val d’Oise Fibre;TDF;reseau;0;Ensemble du réseau;0,0635;NA;0,0014
05/23 - 10/23;Val d’Oise Fibre;TDF;reseau;0;Ensemble du réseau;0,0772;0,0772;0,0012
11/22 - 04/23;Val de Loire Fibre;TDF;reseau;0;Ensemble du réseau;0,0457;NA;0,0007
02/23 - 07/23;Val de Loire Fibre;TDF;reseau;0;Ensemble du réseau;0,0499;NA;0,0009
05/23 - 10/23;Val de Loire Fibre;TDF;reseau;0;Ensemble du réseau;0,0566;0,0566;0,0009
11/22 - 04/23;Valofibre;Altice;reseau;0;Ensemble du réseau;0,1905;NA;0,0097
02/23 - 07/23;Valofibre;Altice;reseau;0;Ensemble du réseau;0,2105;NA;0,0095
05/23 - 10/23;Valofibre;Altice;reseau;0;Ensemble du réseau;0,0467;0,0467;0,0145
11/22 - 04/23;Vannes Agglo Numérique;Altitude;reseau;0;Ensemble du réseau;0,1285;NA;0,0012
02/23 - 07/23;Vannes Agglo Numérique;Altitude;reseau;0;Ensemble du réseau;0,1783;NA;0,0009
05/23 - 10/23;Vannes Agglo Numérique;Altitude;reseau;0;Ensemble du réseau;0,151;0,1289;0,0013
11/22 - 04/23;Var Très Haut Débit;Orange OI;reseau;0;Ensemble du réseau;0,0729;NA;0,0014
02/23 - 07/23;Var Très Haut Débit;Orange OI;reseau;0;Ensemble du réseau;0,0629;NA;0,0014
05/23 - 10/23;Var Très Haut Débit;Orange OI;reseau;0;Ensemble du réseau;0,0539;0,0539;0,0013
11/22 - 04/23;Vaucluse Numérique;Axione;reseau;0;Ensemble du réseau;0,1213;NA;0,0023
02/23 - 07/23;Vaucluse Numérique;Axione;reseau;0;Ensemble du réseau;0,1128;NA;0,0023
05/23 - 10/23;Vaucluse Numérique;Axione;reseau;0;Ensemble du réseau;0,1202;0,1202;0,0021
11/22 - 04/23;Gard Fibre;Altice;reseau;0;Ensemble du réseau;0,0852;NA;0,0013
02/23 - 07/23;Gard Fibre;Altice;reseau;0;Ensemble du réseau;0,0759;NA;0,0014
05/23 - 10/23;Gard Fibre;Altice;reseau;0;Ensemble du réseau;0,0665;0,0665;0,0015
11/22 - 04/23;XpFibre 92;Altice (rachats en 2020);reseau;0;Ensemble du réseau;0,1469;NA;0,001
02/23 - 07/23;XpFibre 92;Altice (rachats en 2020);reseau;0;Ensemble du réseau;0,1625;NA;0,0013
05/23 - 10/23;XpFibre 92;Altice (rachats en 2020);reseau;0;Ensemble du réseau;0,136;0,136;0,0016
11/22 - 04/23;Yconik;Altitude;reseau;0;Ensemble du réseau;0,0295;NA;0,0012
02/23 - 07/23;Yconik;Altitude;reseau;0;Ensemble du réseau;0,0381;NA;0,0012
05/23 - 10/23;Yconik;Altitude;reseau;0;Ensemble du réseau;0,0363;0,027;0,001
11/22 - 04/23;Yvelines Fibre;TDF;reseau;0;Ensemble du réseau;0,0827;NA;0,0007
02/23 - 07/23;Yvelines Fibre;TDF;reseau;0;Ensemble du réseau;0,0799;NA;0,0009
05/23 - 10/23;Yvelines Fibre;TDF;reseau;0;Ensemble du réseau;0,0881;0,0881;0,001
11/22 - 04/23;AMII Orange;Orange OI;departement;1;Ain;0,0419;NA;0,0007
02/23 - 07/23;AMII Orange;Orange OI;departement;1;Ain;0,0462;NA;0,0007
05/23 - 10/23;AMII Orange;Orange OI;departement;1;Ain;0,0451;0,0451;0,0005
11/22 - 04/23;AMII XpFibre;Altice;departement;1;Ain;0,1499;NA;0,0023
02/23 - 07/23;AMII XpFibre;Altice;departement;1;Ain;0,1669;NA;0,0018
05/23 - 10/23;AMII XpFibre;Altice;departement;1;Ain;0,1396;0,1396;0,0025
11/22 - 04/23;SIEA;Régies et syndicats;departement;1;Ain;0,0789;NA;0,0009
02/23 - 07/23;SIEA;Régies et syndicats;departement;1;Ain;0,0775;NA;0,001
05/23 - 10/23;SIEA;Régies et syndicats;departement;1;Ain;0,0651;0,0651;0,0013
11/22 - 04/23;Aisne THD;Axione;departement;2;Aisne;0,051;NA;0,0004
02/23 - 07/23;Aisne THD;Axione;departement;2;Aisne;0,0516;NA;0,0004
05/23 - 10/23;Aisne THD;Axione;departement;2;Aisne;0,0475;0,0475;0,0003
11/22 - 04/23;AMII Orange;Orange OI;departement;2;Aisne;0,0473;NA;0,0005
02/23 - 07/23;AMII Orange;Orange OI;departement;2;Aisne;0,0482;NA;0,0007
05/23 - 10/23;AMII Orange;Orange OI;departement;2;Aisne;0,0514;0,0514;0,0008
11/22 - 04/23;AMII Orange;Orange OI;departement;3;Allier;0,0164;NA;0,0002
02/23 - 07/23;AMII Orange;Orange OI;departement;3;Allier;0,0178;NA;0,0002
05/23 - 10/23;AMII Orange;Orange OI;departement;3;Allier;0,0151;0,0151;0,0002
11/22 - 04/23;Auvergne THD;Orange OI;departement;3;Allier;0,0845;NA;0,0003
02/23 - 07/23;Auvergne THD;Orange OI;departement;3;Allier;0,0849;NA;0,0006
05/23 - 10/23;Auvergne THD;Orange OI;departement;3;Allier;0,069;0,069;0,0008
11/22 - 04/23;AMEL XpFibre;Altice;departement;4;Alpes-de-Haute-Provence;0,1669;NA;0,0025
02/23 - 07/23;AMEL XpFibre;Altice;departement;4;Alpes-de-Haute-Provence;0,1524;NA;0,0022
05/23 - 10/23;AMEL XpFibre;Altice;departement;4;Alpes-de-Haute-Provence;0,1094;0,1094;0,0027
11/22 - 04/23;AMII Orange;Orange OI;departement;4;Alpes-de-Haute-Provence;0,0297;NA;0,0001
02/23 - 07/23;AMII Orange;Orange OI;departement;4;Alpes-de-Haute-Provence;0,0259;NA;0,0005
05/23 - 10/23;AMII Orange;Orange OI;departement;4;Alpes-de-Haute-Provence;0,0195;0,0195;0,0006
11/22 - 04/23;AMII XpFibre;Altice;departement;4;Alpes-de-Haute-Provence;0,1283;NA;0,0025
02/23 - 07/23;AMII XpFibre;Altice;departement;4;Alpes-de-Haute-Provence;0,1163;NA;0,0022
05/23 - 10/23;AMII XpFibre;Altice;departement;4;Alpes-de-Haute-Provence;0,1094;0,1094;0,0027
11/22 - 04/23;AMEL XpFibre;Altice;departement;5;Hautes-Alpes;0,1381;NA;0,0009
02/23 - 07/23;AMEL XpFibre;Altice;departement;5;Hautes-Alpes;0,1356;NA;0,0011
05/23 - 10/23;AMEL XpFibre;Altice;departement;5;Hautes-Alpes;0,1124;0,1124;0,0012
11/22 - 04/23;AMII Orange;Orange OI;departement;5;Hautes-Alpes;0,0509;NA;0,0006
02/23 - 07/23;AMII Orange;Orange OI;departement;5;Hautes-Alpes;0,0378;NA;0,0004
05/23 - 10/23;AMII Orange;Orange OI;departement;5;Hautes-Alpes;0,026;0,026;0,0005
11/22 - 04/23;AMII XpFibre;Altice;departement;5;Hautes-Alpes;0,1142;NA;0,0009
02/23 - 07/23;AMII XpFibre;Altice;departement;5;Hautes-Alpes;0,108;NA;0,0011
05/23 - 10/23;AMII XpFibre;Altice;departement;5;Hautes-Alpes;0,1124;0,1124;0,0012
11/22 - 04/23;AMEL XpFibre;Altice;departement;6;Alpes-Maritimes;0,1811;NA;0,0026
02/23 - 07/23;AMEL XpFibre;Altice;departement;6;Alpes-Maritimes;0,187;NA;0,0023
05/23 - 10/23;AMEL XpFibre;Altice;departement;6;Alpes-Maritimes;0,1525;0,1525;0,0024
11/22 - 04/23;AMII Orange;Orange OI;departement;6;Alpes-Maritimes;0,0928;NA;0,0008
02/23 - 07/23;AMII Orange;Orange OI;departement;6;Alpes-Maritimes;0,1176;NA;0,0009
05/23 - 10/23;AMII Orange;Orange OI;departement;6;Alpes-Maritimes;0,1246;0,1246;0,001
11/22 - 04/23;AMII XpFibre;Altice;departement;6;Alpes-Maritimes;0,1386;NA;0,0026
02/23 - 07/23;AMII XpFibre;Altice;departement;6;Alpes-Maritimes;0,1496;NA;0,0023
05/23 - 10/23;AMII XpFibre;Altice;departement;6;Alpes-Maritimes;0,1525;0,1525;0,0024
11/22 - 04/23;THD06;Altitude;departement;6;Alpes-Maritimes;0,0581;NA;0,001
02/23 - 07/23;THD06;Altitude;departement;6;Alpes-Maritimes;0,0825;NA;0,0008
05/23 - 10/23;THD06;Altitude;departement;6;Alpes-Maritimes;0,0716;0,052;0,0012
11/22 - 04/23;ADTIM FTTH;Axione;departement;7;Ardèche;0,0717;NA;0,0013
02/23 - 07/23;ADTIM FTTH;Axione;departement;7;Ardèche;0,0646;NA;0,0011
05/23 - 10/23;ADTIM FTTH;Axione;departement;7;Ardèche;0,063;0,063;0,001
11/22 - 04/23;AMII Orange;Orange OI;departement;7;Ardèche;0,0723;NA;0,0006
02/23 - 07/23;AMII Orange;Orange OI;departement;7;Ardèche;0,0491;NA;0,0007
05/23 - 10/23;AMII Orange;Orange OI;departement;7;Ardèche;0,0319;0,0319;0,0006
11/22 - 04/23;AMII Orange;Orange OI;departement;8;Ardennes;0,0647;NA;0,0014
02/23 - 07/23;AMII Orange;Orange OI;departement;8;Ardennes;0,0629;NA;0,0012
05/23 - 10/23;AMII Orange;Orange OI;departement;8;Ardennes;0,0839;0,0839;0,0011
11/22 - 04/23;Losange;Altitude;departement;8;Ardennes;0,0412;NA;0,0012
02/23 - 07/23;Losange;Altitude;departement;8;Ardennes;0,0904;NA;0,001
05/23 - 10/23;Losange;Altitude;departement;8;Ardennes;0,0762;0,046;0,001
11/22 - 04/23;AMII Orange;Orange OI;departement;9;Ariège;0,0308;NA;0,0005
02/23 - 07/23;AMII Orange;Orange OI;departement;9;Ariège;0,0206;NA;0,0005
05/23 - 10/23;AMII Orange;Orange OI;departement;9;Ariège;0,0304;0,0304;0,0005
11/22 - 04/23;Ariège THD;Orange OI;departement;9;Ariège;0,0316;NA;0,0007
02/23 - 07/23;Ariège THD;Orange OI;departement;9;Ariège;0,0277;NA;0,0011
05/23 - 10/23;Ariège THD;Orange OI;departement;9;Ariège;0,0249;0,0249;0,0012
11/22 - 04/23;AMII Orange;Orange OI;departement;10;Aube;0,0658;NA;0,0005
02/23 - 07/23;AMII Orange;Orange OI;departement;10;Aube;0,0471;NA;0,0005
05/23 - 10/23;AMII Orange;Orange OI;departement;10;Aube;0,0445;0,0445;0,0005
11/22 - 04/23;Losange;Altitude;departement;10;Aube;0,0412;NA;0,001
02/23 - 07/23;Losange;Altitude;departement;10;Aube;0,0622;NA;0,0007
05/23 - 10/23;Losange;Altitude;departement;10;Aube;0,0762;0,046;0,0005
11/22 - 04/23;AMII Orange;Orange OI;departement;11;Aude;0,0343;NA;0,0003
02/23 - 07/23;AMII Orange;Orange OI;departement;11;Aude;0,0299;NA;0,0004
05/23 - 10/23;AMII Orange;Orange OI;departement;11;Aude;0,0267;0,0267;0,0005
11/22 - 04/23;Emeraude THD;Altitude;departement;11;Aude;0,0327;NA;0,0004
02/23 - 07/23;Emeraude THD;Altitude;departement;11;Aude;0,0469;NA;0,0003
05/23 - 10/23;Emeraude THD;Altitude;departement;11;Aude;0,0403;0,026;0,0003
11/22 - 04/23;Alliance THD;Orange OI;departement;12;Aveyron;0,0764;NA;0,0014
02/23 - 07/23;Alliance THD;Orange OI;departement;12;Aveyron;0,07;NA;0,0016
05/23 - 10/23;Alliance THD;Orange OI;departement;12;Aveyron;0,0728;0,0728;0,002
11/22 - 04/23;AMII Orange;Orange OI;departement;12;Aveyron;0,0268;NA;0,0004
02/23 - 07/23;AMII Orange;Orange OI;departement;12;Aveyron;0,0419;NA;0,0004
05/23 - 10/23;AMII Orange;Orange OI;departement;12;Aveyron;0,0446;0,0446;0,0004
11/22 - 04/23;AMEL XpFibre;Altice;departement;13;Bouches-du-Rhône;0,1584;NA;0,009
02/23 - 07/23;AMEL XpFibre;Altice;departement;13;Bouches-du-Rhône;0,1606;NA;0,0095
05/23 - 10/23;AMEL XpFibre;Altice;departement;13;Bouches-du-Rhône;0,1269;0,1269;0,0094
11/22 - 04/23;AMII Orange;Orange OI;departement;13;Bouches-du-Rhône;0,0924;NA;0,0016
02/23 - 07/23;AMII Orange;Orange OI;departement;13;Bouches-du-Rhône;0,1097;NA;0,002
05/23 - 10/23;AMII Orange;Orange OI;departement;13;Bouches-du-Rhône;0,1015;0,1015;0,0021
11/22 - 04/23;AMII XpFibre;Altice;departement;13;Bouches-du-Rhône;0,1246;NA;0,009
02/23 - 07/23;AMII XpFibre;Altice;departement;13;Bouches-du-Rhône;0,1224;NA;0,0095
05/23 - 10/23;AMII XpFibre;Altice;departement;13;Bouches-du-Rhône;0,1269;0,1269;0,0094
11/22 - 04/23;AMII Orange;Orange OI;departement;14;Calvados;0,0586;NA;0,0004
02/23 - 07/23;AMII Orange;Orange OI;departement;14;Calvados;0,0496;NA;0,0004
05/23 - 10/23;AMII Orange;Orange OI;departement;14;Calvados;0,0442;0,0442;0,0004
11/22 - 04/23;Tutor Calvados;Altitude (rachats en 2021);departement;14;Calvados;0,1688;NA;0,0048
02/23 - 07/23;Tutor Calvados;Altitude (rachats en 2021);departement;14;Calvados;0,1923;NA;0,004
05/23 - 10/23;Tutor Calvados;Altitude (rachats en 2021);departement;14;Calvados;0,1893;0,1479;0,0047
11/22 - 04/23;Tutor Côte Fleurie;Altitude (rachats en 2021);departement;14;Calvados;0,1328;NA;0,0019
02/23 - 07/23;Tutor Côte Fleurie;Altitude (rachats en 2021);departement;14;Calvados;0,1381;NA;0,0021
05/23 - 10/23;Tutor Côte Fleurie;Altitude (rachats en 2021);departement;14;Calvados;0,118;0,0853;0,0021
11/22 - 04/23;AMII Orange;Orange OI;departement;15;Cantal;0,0357;NA;0,0002
02/23 - 07/23;AMII Orange;Orange OI;departement;15;Cantal;0,0464;NA;0,0001
05/23 - 10/23;AMII Orange;Orange OI;departement;15;Cantal;0,0386;0,0386;0,0001
11/22 - 04/23;Auvergne THD;Orange OI;departement;15;Cantal;0,0962;NA;0,0006
02/23 - 07/23;Auvergne THD;Orange OI;departement;15;Cantal;0,1027;NA;0,0009
05/23 - 10/23;Auvergne THD;Orange OI;departement;15;Cantal;0,1015;0,1015;0,0009
11/22 - 04/23;AMII Orange;Orange OI;departement;16;Charente;0,0239;NA;0,0003
02/23 - 07/23;AMII Orange;Orange OI;departement;16;Charente;0,0352;NA;0,0004
05/23 - 10/23;AMII Orange;Orange OI;departement;16;Charente;0,0401;0,0401;0,0003
11/22 - 04/23;FP XpFibre;Altice;departement;16;Charente;0,1104;NA;0,0015
02/23 - 07/23;FP XpFibre;Altice;departement;16;Charente;0,1362;NA;0,0013
05/23 - 10/23;FP XpFibre;Altice;departement;16;Charente;0,0964;0,0964;0,0012
11/22 - 04/23;Nouvelle Aquitaine THD;Axione;departement;16;Charente;0,0253;NA;0,0007
02/23 - 07/23;Nouvelle Aquitaine THD;Axione;departement;16;Charente;0,0288;NA;0,0007
05/23 - 10/23;Nouvelle Aquitaine THD;Axione;departement;16;Charente;0,0269;0,0269;0,0006
11/22 - 04/23;AMII Orange;Orange OI;departement;17;Charente-Maritime;0,0557;NA;0,0004
02/23 - 07/23;AMII Orange;Orange OI;departement;17;Charente-Maritime;0,0678;NA;0,0004
05/23 - 10/23;AMII Orange;Orange OI;departement;17;Charente-Maritime;0,0412;0,0412;0,0005
11/22 - 04/23;AMII XpFibre;Altice;departement;17;Charente-Maritime;0,1237;NA;0,0014
02/23 - 07/23;AMII XpFibre;Altice;departement;17;Charente-Maritime;0,1304;NA;0,0013
05/23 - 10/23;AMII XpFibre;Altice;departement;17;Charente-Maritime;0,1089;0,1089;0,0012
11/22 - 04/23;Charente-Maritime THD;Orange OI;departement;17;Charente-Maritime;0,0495;NA;0,0006
02/23 - 07/23;Charente-Maritime THD;Orange OI;departement;17;Charente-Maritime;0,0509;NA;0,0007
05/23 - 10/23;Charente-Maritime THD;Orange OI;departement;17;Charente-Maritime;0,0464;0,0464;0,0007
11/22 - 04/23;AMII Orange;Orange OI;departement;18;Cher;0,0403;NA;0,0002
02/23 - 07/23;AMII Orange;Orange OI;departement;18;Cher;0,0426;NA;0,0003
05/23 - 10/23;AMII Orange;Orange OI;departement;18;Cher;0,0409;0,0409;0,0006
11/22 - 04/23;Berry Fibre optique;Axione;departement;18;Cher;0,0615;NA;0,0014
02/23 - 07/23;Berry Fibre optique;Axione;departement;18;Cher;0,0643;NA;0,0014
05/23 - 10/23;Berry Fibre optique;Axione;departement;18;Cher;0,0614;0,0614;0,0018
11/22 - 04/23;AMII Orange;Orange OI;departement;19;Corrèze;0,0765;NA;0,0006
02/23 - 07/23;AMII Orange;Orange OI;departement;19;Corrèze;0,0749;NA;0,0007
05/23 - 10/23;AMII Orange;Orange OI;departement;19;Corrèze;0,0746;0,0746;0,0009
11/22 - 04/23;AMII XpFibre;Altice;departement;19;Corrèze;0,2334;NA;0,0029
02/23 - 07/23;AMII XpFibre;Altice;departement;19;Corrèze;0,2412;NA;0,0036
05/23 - 10/23;AMII XpFibre;Altice;departement;19;Corrèze;0,2183;0,2183;0,0041
11/22 - 04/23;Nouvelle Aquitaine THD;Axione;departement;19;Corrèze;0,0705;NA;0,0011
02/23 - 07/23;Nouvelle Aquitaine THD;Axione;departement;19;Corrèze;0,0739;NA;0,0014
05/23 - 10/23;Nouvelle Aquitaine THD;Axione;departement;19;Corrèze;0,0641;0,0641;0,0015
11/22 - 04/23;Altitude Fibre 21;Altitude;departement;21;Côte-d'Or;0,0419;NA;0,0007
02/23 - 07/23;Altitude Fibre 21;Altitude;departement;21;Côte-d'Or;0,0601;NA;0,0008
05/23 - 10/23;Altitude Fibre 21;Altitude;departement;21;Côte-d'Or;0,0739;0,0534;0,0011
11/22 - 04/23;AMII Orange;Orange OI;departement;21;Côte-d'Or;0,0427;NA;0,0004
02/23 - 07/23;AMII Orange;Orange OI;departement;21;Côte-d'Or;0,0369;NA;0,0003
05/23 - 10/23;AMII Orange;Orange OI;departement;21;Côte-d'Or;0,0402;0,0402;0,0003
11/22 - 04/23;Bourgogne Franche Comté Fibre;Orange OI;departement;21;Côte-d'Or;0,035;NA;0,0005
02/23 - 07/23;Bourgogne Franche Comté Fibre;Orange OI;departement;21;Côte-d'Or;0,0342;NA;0,0004
05/23 - 10/23;Bourgogne Franche Comté Fibre;Orange OI;departement;21;Côte-d'Or;0,0286;0,0286;0,0005
11/22 - 04/23;AMII Orange;Orange OI;departement;22;Côtes-d'Armor;0,0333;NA;0,0003
02/23 - 07/23;AMII Orange;Orange OI;departement;22;Côtes-d'Armor;0,023;NA;0,0003
05/23 - 10/23;AMII Orange;Orange OI;departement;22;Côtes-d'Armor;0,0271;0,0271;0,0002
11/22 - 04/23;THD Bretagne;Orange OI;departement;22;Côtes-d'Armor;0,0308;NA;0,0013
02/23 - 07/23;THD Bretagne;Orange OI;departement;22;Côtes-d'Armor;0,0304;NA;0,0012
05/23 - 10/23;THD Bretagne;Orange OI;departement;22;Côtes-d'Armor;0,0361;0,0361;0,0012
11/22 - 04/23;AMII Orange;Orange OI;departement;23;Creuse;0,0699;NA;0,0002
02/23 - 07/23;AMII Orange;Orange OI;departement;23;Creuse;0,0852;NA;0,0006
05/23 - 10/23;AMII Orange;Orange OI;departement;23;Creuse;0,0964;0,0964;0,0009
11/22 - 04/23;Nouvelle Aquitaine THD;Axione;departement;23;Creuse;0,05;NA;0,0013
02/23 - 07/23;Nouvelle Aquitaine THD;Axione;departement;23;Creuse;0,0513;NA;0,0016
05/23 - 10/23;Nouvelle Aquitaine THD;Axione;departement;23;Creuse;0,039;0,039;0,0015
11/22 - 04/23;AMII Orange;Orange OI;departement;24;Dordogne;0,031;NA;0,0003
02/23 - 07/23;AMII Orange;Orange OI;departement;24;Dordogne;0,0375;NA;0,0004
05/23 - 10/23;AMII Orange;Orange OI;departement;24;Dordogne;0,0327;0,0327;0,0004
11/22 - 04/23;Nouvelle Aquitaine THD;Axione;departement;24;Dordogne;0,068;NA;0,0013
02/23 - 07/23;Nouvelle Aquitaine THD;Axione;departement;24;Dordogne;0,0728;NA;0,0012
05/23 - 10/23;Nouvelle Aquitaine THD;Axione;departement;24;Dordogne;0,0583;0,0583;0,0012
11/22 - 04/23;AMII Orange;Orange OI;departement;25;Doubs;0,0718;NA;0,001
02/23 - 07/23;AMII Orange;Orange OI;departement;25;Doubs;0,0668;NA;0,0009
05/23 - 10/23;AMII Orange;Orange OI;departement;25;Doubs;0,0579;0,0579;0,0006
11/22 - 04/23;AMII XpFibre;Altice;departement;25;Doubs;0,1413;NA;0,0019
02/23 - 07/23;AMII XpFibre;Altice;departement;25;Doubs;0,1862;NA;0,0023
05/23 - 10/23;AMII XpFibre;Altice;departement;25;Doubs;0,2023;0,2023;0,0027
11/22 - 04/23;Doubs THD;Altitude;departement;25;Doubs;0,0639;NA;0,0009
02/23 - 07/23;Doubs THD;Altitude;departement;25;Doubs;0,0938;NA;0,0016
05/23 - 10/23;Doubs THD;Altitude;departement;25;Doubs;0,0917;0,0623;0,0015
11/22 - 04/23;ADTIM FTTH;Axione;departement;26;Drôme;0,0793;NA;0,0011
02/23 - 07/23;ADTIM FTTH;Axione;departement;26;Drôme;0,0745;NA;0,0009
05/23 - 10/23;ADTIM FTTH;Axione;departement;26;Drôme;0,0605;0,0605;0,0009
11/22 - 04/23;AMII Orange;Orange OI;departement;26;Drôme;0,0917;NA;0,0007
02/23 - 07/23;AMII Orange;Orange OI;departement;26;Drôme;0,075;NA;0,0009
05/23 - 10/23;AMII Orange;Orange OI;departement;26;Drôme;0,0625;0,0625;0,0007
11/22 - 04/23;AMII Orange;Orange OI;departement;27;Eure;0,0346;NA;0,0005
02/23 - 07/23;AMII Orange;Orange OI;departement;27;Eure;0,0364;NA;0,0004
05/23 - 10/23;AMII Orange;Orange OI;departement;27;Eure;0,0309;0,0309;0,0002
11/22 - 04/23;AMII XpFibre;Altice;departement;27;Eure;0,2304;NA;0,0052
02/23 - 07/23;AMII XpFibre;Altice;departement;27;Eure;0,2265;NA;0,0064
05/23 - 10/23;AMII XpFibre;Altice;departement;27;Eure;0,216;0,216;0,0067
11/22 - 04/23;Eure Normandie THD;Axione;departement;27;Eure;0,0528;NA;0,0027
02/23 - 07/23;Eure Normandie THD;Axione;departement;27;Eure;0,0504;NA;0,0023
05/23 - 10/23;Eure Normandie THD;Axione;departement;27;Eure;0,0513;0,0513;0,0018
11/22 - 04/23;AMEL XpFibre;Altice;departement;28;Eure-et-Loir;0,2063;NA;0,008
02/23 - 07/23;AMEL XpFibre;Altice;departement;28;Eure-et-Loir;0,1608;NA;0,007
05/23 - 10/23;AMEL XpFibre;Altice;departement;28;Eure-et-Loir;0,1555;0,1555;0,005
11/22 - 04/23;AMII Orange;Orange OI;departement;28;Eure-et-Loir;0,034;NA;0,0004
02/23 - 07/23;AMII Orange;Orange OI;departement;28;Eure-et-Loir;0,0305;NA;0,0004
05/23 - 10/23;AMII Orange;Orange OI;departement;28;Eure-et-Loir;0,0336;0,0336;0,0003
11/22 - 04/23;Chartres Métropole Innovations Numériques;CM'IN;departement;28;Eure-et-Loir;0,0222;NA;0,0002
02/23 - 07/23;Chartres Métropole Innovations Numériques;CM'IN;departement;28;Eure-et-Loir;0,0272;NA;0,0002
05/23 - 10/23;Chartres Métropole Innovations Numériques;CM'IN;departement;28;Eure-et-Loir;0,0228;0,0228;0,0002
11/22 - 04/23;Eure et Loir THD;Altice;departement;28;Eure-et-Loir;0,1105;NA;0,0009
02/23 - 07/23;Eure et Loir THD;Altice;departement;28;Eure-et-Loir;0,112;NA;0,0009
05/23 - 10/23;Eure et Loir THD;Altice;departement;28;Eure-et-Loir;0,0842;0,0842;0,0008
11/22 - 04/23;AMII Orange;Orange OI;departement;29;Finistère;0,0322;NA;0,0003
02/23 - 07/23;AMII Orange;Orange OI;departement;29;Finistère;0,0316;NA;0,0003
05/23 - 10/23;AMII Orange;Orange OI;departement;29;Finistère;0,0316;0,0316;0,0004
11/22 - 04/23;AMII XpFibre;Altice;departement;29;Finistère;0,069;NA;0,0007
02/23 - 07/23;AMII XpFibre;Altice;departement;29;Finistère;0,0611;NA;0,0006
05/23 - 10/23;AMII XpFibre;Altice;departement;29;Finistère;0,0558;0,0558;0,0007
11/22 - 04/23;THD Bretagne;Orange OI;departement;29;Finistère;0,0384;NA;0,0009
02/23 - 07/23;THD Bretagne;Orange OI;departement;29;Finistère;0,0398;NA;0,0009
05/23 - 10/23;THD Bretagne;Orange OI;departement;29;Finistère;0,0417;0,0417;0,0008
11/22 - 04/23;AMII Orange;Orange OI;departement;30;Gard;0,0633;NA;0,0016
02/23 - 07/23;AMII Orange;Orange OI;departement;30;Gard;0,0611;NA;0,0016
05/23 - 10/23;AMII Orange;Orange OI;departement;30;Gard;0,0528;0,0528;0,0016
11/22 - 04/23;AMII XpFibre;Altice;departement;30;Gard;0,1032;NA;0,0021
02/23 - 07/23;AMII XpFibre;Altice;departement;30;Gard;0,0886;NA;0,0026
05/23 - 10/23;AMII XpFibre;Altice;departement;30;Gard;0,0839;0,0839;0,0038
11/22 - 04/23;Gard Fibre;Altice;departement;30;Gard;0,0852;NA;0,0013
02/23 - 07/23;Gard Fibre;Altice;departement;30;Gard;0,0759;NA;0,0014
05/23 - 10/23;Gard Fibre;Altice;departement;30;Gard;0,0665;0,0665;0,0015
11/22 - 04/23;AMII Orange;Orange OI;departement;31;Haute-Garonne;0,0949;NA;0,0007
02/23 - 07/23;AMII Orange;Orange OI;departement;31;Haute-Garonne;0,1037;NA;0,0006
05/23 - 10/23;AMII Orange;Orange OI;departement;31;Haute-Garonne;0,0852;0,0852;0,0006
11/22 - 04/23;AMII XpFibre;Altice;departement;31;Haute-Garonne;0,1766;NA;0,0054
02/23 - 07/23;AMII XpFibre;Altice;departement;31;Haute-Garonne;0,1555;NA;0,0047
05/23 - 10/23;AMII XpFibre;Altice;departement;31;Haute-Garonne;0,1462;0,1462;0,0048
11/22 - 04/23;La Fibre 31;Altitude;departement;31;Haute-Garonne;0,067;NA;0,0016
02/23 - 07/23;La Fibre 31;Altitude;departement;31;Haute-Garonne;0,0969;NA;0,0014
05/23 - 10/23;La Fibre 31;Altitude;departement;31;Haute-Garonne;0,0981;0,065;0,0015
11/22 - 04/23;AMII Orange;Orange OI;departement;32;Gers;0,097;NA;0,0011
02/23 - 07/23;AMII Orange;Orange OI;departement;32;Gers;0,0811;NA;0,0011
05/23 - 10/23;AMII Orange;Orange OI;departement;32;Gers;0,1335;0,1335;0,0019
11/22 - 04/23;Gers fibre;Orange OI;departement;32;Gers;0,0784;NA;0,001
02/23 - 07/23;Gers fibre;Orange OI;departement;32;Gers;0,0785;NA;0,0023
05/23 - 10/23;Gers fibre;Orange OI;departement;32;Gers;0,1007;0,1007;0,0026
11/22 - 04/23;AMII Orange;Orange OI;departement;33;Gironde;0,0686;NA;0,0007
02/23 - 07/23;AMII Orange;Orange OI;departement;33;Gironde;0,0705;NA;0,0006
05/23 - 10/23;AMII Orange;Orange OI;departement;33;Gironde;0,0584;0,0584;0,0005
11/22 - 04/23;Gironde THD;Orange OI;departement;33;Gironde;0,0397;NA;0,0008
02/23 - 07/23;Gironde THD;Orange OI;departement;33;Gironde;0,0412;NA;0,0007
05/23 - 10/23;Gironde THD;Orange OI;departement;33;Gironde;0,0422;0,0422;0,0008
11/22 - 04/23;AMII Orange;Orange OI;departement;34;Hérault;0,0562;NA;0,0009
02/23 - 07/23;AMII Orange;Orange OI;departement;34;Hérault;0,0678;NA;0,0009
05/23 - 10/23;AMII Orange;Orange OI;departement;34;Hérault;0,0687;0,0687;0,0008
11/22 - 04/23;AMII XpFibre;Altice;departement;34;Hérault;0,106;NA;0,0012
02/23 - 07/23;AMII XpFibre;Altice;departement;34;Hérault;0,1037;NA;0,0012
05/23 - 10/23;AMII XpFibre;Altice;departement;34;Hérault;0,0839;0,0839;0,0012
11/22 - 04/23;Hérault THD;Altice (rachats en 2020);departement;34;Hérault;0,0951;NA;0,001
02/23 - 07/23;Hérault THD;Altice (rachats en 2020);departement;34;Hérault;0,0691;NA;0,0008
05/23 - 10/23;Hérault THD;Altice (rachats en 2020);departement;34;Hérault;0,0488;0,0488;0,0009
11/22 - 04/23;AMII Orange;Orange OI;departement;35;Ille-et-Vilaine;0,0618;NA;0,0003
02/23 - 07/23;AMII Orange;Orange OI;departement;35;Ille-et-Vilaine;0,0692;NA;0,0003
05/23 - 10/23;AMII Orange;Orange OI;departement;35;Ille-et-Vilaine;0,0668;0,0668;0,0002
11/22 - 04/23;AMII XpFibre;Altice;departement;35;Ille-et-Vilaine;0,1688;NA;0,0024
02/23 - 07/23;AMII XpFibre;Altice;departement;35;Ille-et-Vilaine;0,157;NA;0,0019
05/23 - 10/23;AMII XpFibre;Altice;departement;35;Ille-et-Vilaine;0,1362;0,1362;0,0017
11/22 - 04/23;THD Bretagne;Orange OI;departement;35;Ille-et-Vilaine;0,0338;NA;0,0012
02/23 - 07/23;THD Bretagne;Orange OI;departement;35;Ille-et-Vilaine;0,0357;NA;0,0011
05/23 - 10/23;THD Bretagne;Orange OI;departement;35;Ille-et-Vilaine;0,0311;0,0311;0,001
11/22 - 04/23;AMII Orange;Orange OI;departement;36;Indre;0,0205;NA;0,0003
02/23 - 07/23;AMII Orange;Orange OI;departement;36;Indre;0,015;NA;0,0002
05/23 - 10/23;AMII Orange;Orange OI;departement;36;Indre;0,0121;0,0121;0,0002
11/22 - 04/23;Berry Fibre optique;Axione;departement;36;Indre;0,0471;NA;0,0006
02/23 - 07/23;Berry Fibre optique;Axione;departement;36;Indre;0,043;NA;0,0006
05/23 - 10/23;Berry Fibre optique;Axione;departement;36;Indre;0,0376;0,0376;0,0007
11/22 - 04/23;AMII Orange;Orange OI;departement;37;Indre-et-Loire;0,0238;NA;0,0003
02/23 - 07/23;AMII Orange;Orange OI;departement;37;Indre-et-Loire;0,0244;NA;0,0004
05/23 - 10/23;AMII Orange;Orange OI;departement;37;Indre-et-Loire;0,0221;0,0221;0,0003
11/22 - 04/23;Val de Loire Fibre;TDF;departement;37;Indre-et-Loire;0,0518;NA;0,0007
02/23 - 07/23;Val de Loire Fibre;TDF;departement;37;Indre-et-Loire;0,0548;NA;0,0009
05/23 - 10/23;Val de Loire Fibre;TDF;departement;37;Indre-et-Loire;0,0613;0,0613;0,0008
11/22 - 04/23;AMII Orange;Orange OI;departement;38;Isère;0,0709;NA;0,0005
02/23 - 07/23;AMII Orange;Orange OI;departement;38;Isère;0,0888;NA;0,0005
05/23 - 10/23;AMII Orange;Orange OI;departement;38;Isère;0,0904;0,0904;0,0005
11/22 - 04/23;AMII XpFibre;Altice;departement;38;Isère;0,1862;NA;0,003
02/23 - 07/23;AMII XpFibre;Altice;departement;38;Isère;0,1603;NA;0,0023
05/23 - 10/23;AMII XpFibre;Altice;departement;38;Isère;0,1448;0,1448;0,0018
11/22 - 04/23;Isère Fibre;Altice;departement;38;Isère;0,1563;NA;0,0037
02/23 - 07/23;Isère Fibre;Altice;departement;38;Isère;0,1537;NA;0,0038
05/23 - 10/23;Isère Fibre;Altice;departement;38;Isère;0,1119;0,1119;0,0037
11/22 - 04/23;Altitude Fibre 39;Altitude;departement;39;Jura;0,0218;NA;0,0008
02/23 - 07/23;Altitude Fibre 39;Altitude;departement;39;Jura;0,0302;NA;0,0001
05/23 - 10/23;Altitude Fibre 39;Altitude;departement;39;Jura;0,0259;0,0202;0,0009
11/22 - 04/23;AMII Orange;Orange OI;departement;39;Jura;0,0364;NA;0,0002
02/23 - 07/23;AMII Orange;Orange OI;departement;39;Jura;0,0609;NA;0,0003
05/23 - 10/23;AMII Orange;Orange OI;departement;39;Jura;0,0594;0,0594;0,0003
11/22 - 04/23;Bourgogne Franche Comté Fibre;Orange OI;departement;39;Jura;0,0401;NA;0,0008
02/23 - 07/23;Bourgogne Franche Comté Fibre;Orange OI;departement;39;Jura;0,0316;NA;0,0007
05/23 - 10/23;Bourgogne Franche Comté Fibre;Orange OI;departement;39;Jura;0,0245;0,0245;0,0007
11/22 - 04/23;Altitude Fibre 40;Altitude;departement;40;Landes;0,0316;NA;0,0011
02/23 - 07/23;Altitude Fibre 40;Altitude;departement;40;Landes;0,0628;NA;0,0009
05/23 - 10/23;Altitude Fibre 40;Altitude;departement;40;Landes;0,0693;0,0383;0,001
11/22 - 04/23;AMII Orange;Orange OI;departement;40;Landes;0,0824;NA;0,0003
02/23 - 07/23;AMII Orange;Orange OI;departement;40;Landes;0,0742;NA;0,0004
05/23 - 10/23;AMII Orange;Orange OI;departement;40;Landes;0,0539;0,0539;0,0004
11/22 - 04/23;Grand Dax;Orange OI;departement;40;Landes;0,0469;NA;0,0005
02/23 - 07/23;Grand Dax;Orange OI;departement;40;Landes;0,0512;NA;0,0004
05/23 - 10/23;Grand Dax;Orange OI;departement;40;Landes;0,0486;0,0486;0,0004
11/22 - 04/23;Nouvelle Aquitaine THD;Axione;departement;40;Landes;0,0452;NA;0,0008
02/23 - 07/23;Nouvelle Aquitaine THD;Axione;departement;40;Landes;0,0414;NA;0,0009
05/23 - 10/23;Nouvelle Aquitaine THD;Axione;departement;40;Landes;0,0404;0,0404;0,0008
11/22 - 04/23;AMII Orange;Orange OI;departement;41;Loir-et-Cher;0,047;NA;0,0006
02/23 - 07/23;AMII Orange;Orange OI;departement;41;Loir-et-Cher;0,0456;NA;0,0005
05/23 - 10/23;AMII Orange;Orange OI;departement;41;Loir-et-Cher;0,0308;0,0308;0,0004
11/22 - 04/23;AMII XpFibre;Altice;departement;41;Loir-et-Cher;0,0869;NA;0,001
02/23 - 07/23;AMII XpFibre;Altice;departement;41;Loir-et-Cher;0,0909;NA;0,0008
05/23 - 10/23;AMII XpFibre;Altice;departement;41;Loir-et-Cher;0,0802;0,0802;0,0008
11/22 - 04/23;Val de Loire Fibre;TDF;departement;41;Loir-et-Cher;0,0378;NA;0,0007
02/23 - 07/23;Val de Loire Fibre;TDF;departement;41;Loir-et-Cher;0,0429;NA;0,001
05/23 - 10/23;Val de Loire Fibre;TDF;departement;41;Loir-et-Cher;0,05;0,05;0,001
11/22 - 04/23;AMII Orange;Orange OI;departement;42;Loire;0,102;NA;0,0007
02/23 - 07/23;AMII Orange;Orange OI;departement;42;Loire;0,1117;NA;0,0006
05/23 - 10/23;AMII Orange;Orange OI;departement;42;Loire;0,1067;0,1067;0,0006
11/22 - 04/23;SIEL;Axione;departement;42;Loire;0,141;NA;0,0012
02/23 - 07/23;SIEL;Axione;departement;42;Loire;0,135;NA;0,0014
05/23 - 10/23;SIEL;Axione;departement;42;Loire;0,1308;0,1308;0,0015
11/22 - 04/23;AMII Orange;Orange OI;departement;43;Haute-Loire;0,0329;NA;0,0005
02/23 - 07/23;AMII Orange;Orange OI;departement;43;Haute-Loire;0,0316;NA;0,0004
05/23 - 10/23;AMII Orange;Orange OI;departement;43;Haute-Loire;0,029;0,029;0,0004
11/22 - 04/23;Auvergne THD;Orange OI;departement;43;Haute-Loire;0,0762;NA;0,0009
02/23 - 07/23;Auvergne THD;Orange OI;departement;43;Haute-Loire;0,0884;NA;0,001
05/23 - 10/23;Auvergne THD;Orange OI;departement;43;Haute-Loire;0,0856;0,0856;0,0012
11/22 - 04/23;AMII Orange;Orange OI;departement;44;Loire-Atlantique;0,0527;NA;0,0005
02/23 - 07/23;AMII Orange;Orange OI;departement;44;Loire-Atlantique;0,0694;NA;0,0005
05/23 - 10/23;AMII Orange;Orange OI;departement;44;Loire-Atlantique;0,0695;0,0695;0,0005
11/22 - 04/23;AMII XpFibre;Altice;departement;44;Loire-Atlantique;0,1487;NA;0,0037
02/23 - 07/23;AMII XpFibre;Altice;departement;44;Loire-Atlantique;0,1352;NA;0,0036
05/23 - 10/23;AMII XpFibre;Altice;departement;44;Loire-Atlantique;0,1161;0,1161;0,0029
11/22 - 04/23;La Fibre 44;Axione;departement;44;Loire-Atlantique;0,0441;NA;0,0014
02/23 - 07/23;La Fibre 44;Axione;departement;44;Loire-Atlantique;0,04;NA;0,0012
05/23 - 10/23;La Fibre 44;Axione;departement;44;Loire-Atlantique;0,0364;0,0364;0,001
11/22 - 04/23;AMII Orange;Orange OI;departement;45;Loiret;0,0847;NA;0,0005
02/23 - 07/23;AMII Orange;Orange OI;departement;45;Loiret;0,1243;NA;0,0005
05/23 - 10/23;AMII Orange;Orange OI;departement;45;Loiret;0,117;0,117;0,0006
11/22 - 04/23;AMII XpFibre;Altice;departement;45;Loiret;0,1732;NA;0,006
02/23 - 07/23;AMII XpFibre;Altice;departement;45;Loiret;0,1319;NA;0,0055
05/23 - 10/23;AMII XpFibre;Altice;departement;45;Loiret;0,1316;0,1316;0,0052
11/22 - 04/23;Loiret THD;Altice;departement;45;Loiret;0,0913;NA;0,0015
02/23 - 07/23;Loiret THD;Altice;departement;45;Loiret;0,0829;NA;0,0016
05/23 - 10/23;Loiret THD;Altice;departement;45;Loiret;0,0676;0,0676;0,0016
11/22 - 04/23;Alliance THD;Orange OI;departement;46;Lot;0,0618;NA;0,001
02/23 - 07/23;Alliance THD;Orange OI;departement;46;Lot;0,0563;NA;0,0013
05/23 - 10/23;Alliance THD;Orange OI;departement;46;Lot;0,0547;0,0547;0,0014
11/22 - 04/23;AMII Orange;Orange OI;departement;46;Lot;0,1224;NA;0,0004
02/23 - 07/23;AMII Orange;Orange OI;departement;46;Lot;0,1025;NA;0,0005
05/23 - 10/23;AMII Orange;Orange OI;departement;46;Lot;0,0704;0,0704;0,0005
11/22 - 04/23;AMEL Orange;Orange OI;departement;47;Lot-et-Garonne;0,0233;NA;0,0003
02/23 - 07/23;AMEL Orange;Orange OI;departement;47;Lot-et-Garonne;0,0179;NA;0,0004
05/23 - 10/23;AMEL Orange;Orange OI;departement;47;Lot-et-Garonne;0,0231;0,0231;0,0005
11/22 - 04/23;AMII Orange;Orange OI;departement;47;Lot-et-Garonne;0,0233;NA;0,0003
02/23 - 07/23;AMII Orange;Orange OI;departement;47;Lot-et-Garonne;0,0179;NA;0,0004
05/23 - 10/23;AMII Orange;Orange OI;departement;47;Lot-et-Garonne;0,0231;0,0231;0,0005
11/22 - 04/23;Nouvelle Aquitaine THD;Axione;departement;47;Lot-et-Garonne;0,0259;NA;0,0009
02/23 - 07/23;Nouvelle Aquitaine THD;Axione;departement;47;Lot-et-Garonne;0,0317;NA;0,0015
05/23 - 10/23;Nouvelle Aquitaine THD;Axione;departement;47;Lot-et-Garonne;0,0403;0,0403;0,0015
11/22 - 04/23;Alliance THD;Orange OI;departement;48;Lozère;0,0673;NA;0,0014
02/23 - 07/23;Alliance THD;Orange OI;departement;48;Lozère;0,066;NA;0,0019
05/23 - 10/23;Alliance THD;Orange OI;departement;48;Lozère;0,0542;0,0542;0,0016
11/22 - 04/23;AMII Orange;Orange OI;departement;48;Lozère;0,0797;NA;0,0003
02/23 - 07/23;AMII Orange;Orange OI;departement;48;Lozère;0,0862;NA;0,0004
05/23 - 10/23;AMII Orange;Orange OI;departement;48;Lozère;0,0784;0,0784;0,0003
11/22 - 04/23;AMII Orange;Orange OI;departement;49;Maine-et-Loire;0,0309;NA;0,0004
02/23 - 07/23;AMII Orange;Orange OI;departement;49;Maine-et-Loire;0,0323;NA;0,0004
05/23 - 10/23;AMII Orange;Orange OI;departement;49;Maine-et-Loire;0,0241;0,0241;0,0004
11/22 - 04/23;Anjou Fibre;TDF;departement;49;Maine-et-Loire;0,0419;NA;0,0006
02/23 - 07/23;Anjou Fibre;TDF;departement;49;Maine-et-Loire;0,0405;NA;0,0008
05/23 - 10/23;Anjou Fibre;TDF;departement;49;Maine-et-Loire;0,0441;0,0441;0,0007
11/22 - 04/23;Manche Fibre;Altitude;departement;50;Manche;0,0506;NA;0,0012
02/23 - 07/23;Manche Fibre;Altitude;departement;50;Manche;0,0679;NA;0,0011
05/23 - 10/23;Manche Fibre;Altitude;departement;50;Manche;0,0676;0,0482;0,001
11/22 - 04/23;AMII Orange;Orange OI;departement;51;Marne;0,0844;NA;0,0011
02/23 - 07/23;AMII Orange;Orange OI;departement;51;Marne;0,0635;NA;0,0009
05/23 - 10/23;AMII Orange;Orange OI;departement;51;Marne;0,0517;0,0517;0,0007
11/22 - 04/23;Losange;Altitude;departement;51;Marne;0,0412;NA;0,0012
02/23 - 07/23;Losange;Altitude;departement;51;Marne;0,0876;NA;0,0011
05/23 - 10/23;Losange;Altitude;departement;51;Marne;0,0762;0,046;0,0009
11/22 - 04/23;AMII Orange;Orange OI;departement;52;Haute-Marne;0,0395;NA;0,0006
02/23 - 07/23;AMII Orange;Orange OI;departement;52;Haute-Marne;0,0403;NA;0,0005
05/23 - 10/23;AMII Orange;Orange OI;departement;52;Haute-Marne;0,0554;0,0554;0,0007
11/22 - 04/23;Losange;Altitude;departement;52;Haute-Marne;0,0412;NA;0,0011
02/23 - 07/23;Losange;Altitude;departement;52;Haute-Marne;0,0602;NA;0,001
05/23 - 10/23;Losange;Altitude;departement;52;Haute-Marne;0,0762;0,046;0,0009
11/22 - 04/23;AMII Orange;Orange OI;departement;53;Mayenne;0,0623;NA;0,0004
02/23 - 07/23;AMII Orange;Orange OI;departement;53;Mayenne;0,0646;NA;0,0004
05/23 - 10/23;AMII Orange;Orange OI;departement;53;Mayenne;0,0584;0,0584;0,0003
11/22 - 04/23;Laval THD;Orange OI;departement;53;Mayenne;0,0692;NA;0,0006
02/23 - 07/23;Laval THD;Orange OI;departement;53;Mayenne;0,0743;NA;0,0009
05/23 - 10/23;Laval THD;Orange OI;departement;53;Mayenne;0,0747;0,0747;0,001
11/22 - 04/23;Mayenne Fibre;Orange OI;departement;53;Mayenne;0,0787;NA;0,0015
02/23 - 07/23;Mayenne Fibre;Orange OI;departement;53;Mayenne;0,0749;NA;0,0015
05/23 - 10/23;Mayenne Fibre;Orange OI;departement;53;Mayenne;0,0578;0,0578;0,0013
11/22 - 04/23;AMII Orange;Orange OI;departement;54;Meurthe-et-Moselle;0,0748;NA;0,0005
02/23 - 07/23;AMII Orange;Orange OI;departement;54;Meurthe-et-Moselle;0,1038;NA;0,0004
05/23 - 10/23;AMII Orange;Orange OI;departement;54;Meurthe-et-Moselle;0,0965;0,0965;0,0003
11/22 - 04/23;AMII XpFibre;Altice;departement;54;Meurthe-et-Moselle;0,1004;NA;0,0006
02/23 - 07/23;AMII XpFibre;Altice;departement;54;Meurthe-et-Moselle;0,1047;NA;0,0005
05/23 - 10/23;AMII XpFibre;Altice;departement;54;Meurthe-et-Moselle;0,1047;0,1047;0,0005
11/22 - 04/23;Losange;Altitude;departement;54;Meurthe-et-Moselle;0,0412;NA;0,001
02/23 - 07/23;Losange;Altitude;departement;54;Meurthe-et-Moselle;0,0673;NA;0,0007
05/23 - 10/23;Losange;Altitude;departement;54;Meurthe-et-Moselle;0,0762;0,046;0,0006
11/22 - 04/23;Tutor Nancy;Altitude (rachats en 2021);departement;54;Meurthe-et-Moselle;0,2453;NA;0,0118
02/23 - 07/23;Tutor Nancy;Altitude (rachats en 2021);departement;54;Meurthe-et-Moselle;0,3087;NA;0,0113
05/23 - 10/23;Tutor Nancy;Altitude (rachats en 2021);departement;54;Meurthe-et-Moselle;0,3335;0,2757;0,0133
11/22 - 04/23;AMII Orange;Orange OI;departement;55;Meuse;0,0355;NA;0,0004
02/23 - 07/23;AMII Orange;Orange OI;departement;55;Meuse;0,037;NA;0,0003
05/23 - 10/23;AMII Orange;Orange OI;departement;55;Meuse;0,0404;0,0404;0,0002
11/22 - 04/23;AMII XpFibre;Altice;departement;55;Meuse;0,0732;NA;0,0005
02/23 - 07/23;AMII XpFibre;Altice;departement;55;Meuse;0,1091;NA;0,0005
05/23 - 10/23;AMII XpFibre;Altice;departement;55;Meuse;0,0845;0,0845;0,0004
11/22 - 04/23;Losange;Altitude;departement;55;Meuse;0,0412;NA;0,0005
02/23 - 07/23;Losange;Altitude;departement;55;Meuse;0,0366;NA;0,0005
05/23 - 10/23;Losange;Altitude;departement;55;Meuse;0,0762;0,046;0,0004
11/22 - 04/23;AMII Orange;Orange OI;departement;56;Morbihan;0,0239;NA;0,0002
02/23 - 07/23;AMII Orange;Orange OI;departement;56;Morbihan;0,0273;NA;0,0002
05/23 - 10/23;AMII Orange;Orange OI;departement;56;Morbihan;0,0218;0,0218;0,0002
11/22 - 04/23;AMII XpFibre;Altice;departement;56;Morbihan;0,0739;NA;0,0013
02/23 - 07/23;AMII XpFibre;Altice;departement;56;Morbihan;0,0612;NA;0,0012
05/23 - 10/23;AMII XpFibre;Altice;departement;56;Morbihan;0,0806;0,0806;0,0013
11/22 - 04/23;Vannes Agglo Numérique;Altitude;departement;56;Morbihan;0,1285;NA;0,0012
02/23 - 07/23;Vannes Agglo Numérique;Altitude;departement;56;Morbihan;0,1783;NA;0,0009
05/23 - 10/23;Vannes Agglo Numérique;Altitude;departement;56;Morbihan;0,151;0,1289;0,0013
11/22 - 04/23;THD Bretagne;Orange OI;departement;56;Morbihan;0,0346;NA;0,0005
02/23 - 07/23;THD Bretagne;Orange OI;departement;56;Morbihan;0,0337;NA;0,0004
05/23 - 10/23;THD Bretagne;Orange OI;departement;56;Morbihan;0,0282;0,0282;0,0005
11/22 - 04/23;AMII Orange;Orange OI;departement;57;Moselle;0,0764;NA;0,0005
02/23 - 07/23;AMII Orange;Orange OI;departement;57;Moselle;0,083;NA;0,0005
05/23 - 10/23;AMII Orange;Orange OI;departement;57;Moselle;0,0774;0,0774;0,0005
11/22 - 04/23;Communauté de Communes du Pays de Bitche;Régies et syndicats;departement;57;Moselle;0,1198;NA;0,0011
02/23 - 07/23;Communauté de Communes du Pays de Bitche;Régies et syndicats;departement;57;Moselle;0,1266;NA;0,001
05/23 - 10/23;Communauté de Communes du Pays de Bitche;Régies et syndicats;departement;57;Moselle;0,1286;0,1286;0,0007
11/22 - 04/23;FP XpFibre;Altice;departement;57;Moselle;0,0551;NA;0,0009
02/23 - 07/23;FP XpFibre;Altice;departement;57;Moselle;0,0463;NA;0,0007
05/23 - 10/23;FP XpFibre;Altice;departement;57;Moselle;0,0293;0,0293;0,0006
11/22 - 04/23;Moselle Numérique;Orange OI;departement;57;Moselle;0,0573;NA;0,0004
02/23 - 07/23;Moselle Numérique;Orange OI;departement;57;Moselle;0,0422;NA;0,0006
05/23 - 10/23;Moselle Numérique;Orange OI;departement;57;Moselle;0,0486;0,0486;0,0007
11/22 - 04/23;Resoptic;Altitude;departement;57;Moselle;0,2645;NA;0,0014
02/23 - 07/23;Resoptic;Altitude;departement;57;Moselle;0,3083;NA;0,0014
05/23 - 10/23;Resoptic;Altitude;departement;57;Moselle;0,2662;0,2224;0,0017
11/22 - 04/23;AMEL XpFibre;Altice;departement;58;Nièvre;0,0939;NA;0,0008
02/23 - 07/23;AMEL XpFibre;Altice;departement;58;Nièvre;0,0887;NA;0,0012
05/23 - 10/23;AMEL XpFibre;Altice;departement;58;Nièvre;0,0857;0,0857;0,0017
11/22 - 04/23;AMII Orange;Orange OI;departement;58;Nièvre;0,0228;NA;0,0003
02/23 - 07/23;AMII Orange;Orange OI;departement;58;Nièvre;0,0296;NA;0,0003
05/23 - 10/23;AMII Orange;Orange OI;departement;58;Nièvre;0,033;0,033;0,0003
11/22 - 04/23;Bourgogne Franche Comté Fibre;Orange OI;departement;58;Nièvre;0,0394;NA;0,0006
02/23 - 07/23;Bourgogne Franche Comté Fibre;Orange OI;departement;58;Nièvre;0,0414;NA;0,0003
05/23 - 10/23;Bourgogne Franche Comté Fibre;Orange OI;departement;58;Nièvre;0,0345;0,0345;0,0005
11/22 - 04/23;AMII Orange;Orange OI;departement;59;Nord;0,0945;NA;0,0006
02/23 - 07/23;AMII Orange;Orange OI;departement;59;Nord;0,0922;NA;0,0005
05/23 - 10/23;AMII Orange;Orange OI;departement;59;Nord;0,0821;0,0821;0,0005
11/22 - 04/23;AMII XpFibre;Altice;departement;59;Nord;0,1091;NA;0,0015
02/23 - 07/23;AMII XpFibre;Altice;departement;59;Nord;0,1114;NA;0,001
05/23 - 10/23;AMII XpFibre;Altice;departement;59;Nord;0,109;0,109;0,0012
11/22 - 04/23;MEL THD;Altice (rachats en 2020);departement;59;Nord;0,1568;NA;0,0016
02/23 - 07/23;MEL THD;Altice (rachats en 2020);departement;59;Nord;0,1218;NA;0,001
05/23 - 10/23;MEL THD;Altice (rachats en 2020);departement;59;Nord;0,1055;0,1055;0,001
11/22 - 04/23;Dunkerque Grand Littoral;Altitude (rachats en 2021);departement;59;Nord;0,1494;NA;0,0009
02/23 - 07/23;Dunkerque Grand Littoral;Altitude (rachats en 2021);departement;59;Nord;0,2021;NA;0,0007
05/23 - 10/23;Dunkerque Grand Littoral;Altitude (rachats en 2021);departement;59;Nord;0,1794;0,1461;0,0007
11/22 - 04/23;Gravelines Network;Altice;departement;59;Nord;0,2991;NA;0,0003
02/23 - 07/23;Gravelines Network;Altice;departement;59;Nord;0,2162;NA;0,0005
05/23 - 10/23;Gravelines Network;Altice;departement;59;Nord;0,1354;0,1354;0,0008
11/22 - 04/23;THD 59 62;Axione;departement;59;Nord;0,079;NA;0,0008
02/23 - 07/23;THD 59 62;Axione;departement;59;Nord;0,0733;NA;0,0007
05/23 - 10/23;THD 59 62;Axione;departement;59;Nord;0,0744;0,0744;0,0006
11/22 - 04/23;AMII Orange;Orange OI;departement;60;Oise;0,0349;NA;0,0007
02/23 - 07/23;AMII Orange;Orange OI;departement;60;Oise;0,0381;NA;0,0006
05/23 - 10/23;AMII Orange;Orange OI;departement;60;Oise;0,0515;0,0515;0,0007
11/22 - 04/23;AMII XpFibre;Altice;departement;60;Oise;0,1009;NA;0,0014
02/23 - 07/23;AMII XpFibre;Altice;departement;60;Oise;0,1024;NA;0,0012
05/23 - 10/23;AMII XpFibre;Altice;departement;60;Oise;0,0823;0,0823;0,001
11/22 - 04/23;Oise Numérique;Altice;departement;60;Oise;0,0808;NA;0,0006
02/23 - 07/23;Oise Numérique;Altice;departement;60;Oise;0,0855;NA;0,0005
05/23 - 10/23;Oise Numérique;Altice;departement;60;Oise;0,076;0,076;0,0005
11/22 - 04/23;AMII Orange;Orange OI;departement;61;Orne;0,0698;NA;0,0005
02/23 - 07/23;AMII Orange;Orange OI;departement;61;Orne;0,072;NA;0,0006
05/23 - 10/23;AMII Orange;Orange OI;departement;61;Orne;0,1096;0,1096;0,0005
11/22 - 04/23;FP Orange;Orange OI;departement;61;Orne;0,0698;NA;0,0005
02/23 - 07/23;FP Orange;Orange OI;departement;61;Orne;0,072;NA;0,0006
05/23 - 10/23;FP Orange;Orange OI;departement;61;Orne;0,1096;0,1096;0,0005
11/22 - 04/23;Orne Métropole THD;Orange OI;departement;61;Orne;0,0578;NA;0,0009
02/23 - 07/23;Orne Métropole THD;Orange OI;departement;61;Orne;0,0593;NA;0,0014
05/23 - 10/23;Orne Métropole THD;Orange OI;departement;61;Orne;0,0984;0,0984;0,0018
11/22 - 04/23;AMII Orange;Orange OI;departement;62;Pas-de-Calais;0,0546;NA;0,0004
02/23 - 07/23;AMII Orange;Orange OI;departement;62;Pas-de-Calais;0,0483;NA;0,0004
05/23 - 10/23;AMII Orange;Orange OI;departement;62;Pas-de-Calais;0,0444;0,0444;0,0003
11/22 - 04/23;AMII XpFibre;Altice;departement;62;Pas-de-Calais;0,0744;NA;0,0006
02/23 - 07/23;AMII XpFibre;Altice;departement;62;Pas-de-Calais;0,0679;NA;0,0005
05/23 - 10/23;AMII XpFibre;Altice;departement;62;Pas-de-Calais;0,0635;0,0635;0,0005
11/22 - 04/23;THD 59 62;Axione;departement;62;Pas-de-Calais;0,0695;NA;0,0006
02/23 - 07/23;THD 59 62;Axione;departement;62;Pas-de-Calais;0,0658;NA;0,0004
05/23 - 10/23;THD 59 62;Axione;departement;62;Pas-de-Calais;0,0591;0,0591;0,0004
11/22 - 04/23;AMII Orange;Orange OI;departement;63;Puy-de-Dôme;0,018;NA;0,0003
02/23 - 07/23;AMII Orange;Orange OI;departement;63;Puy-de-Dôme;0,0167;NA;0,0002
05/23 - 10/23;AMII Orange;Orange OI;departement;63;Puy-de-Dôme;0,0177;0,0177;0,0002
11/22 - 04/23;AMII XpFibre;Altice;departement;63;Puy-de-Dôme;0,2039;NA;0,0038
02/23 - 07/23;AMII XpFibre;Altice;departement;63;Puy-de-Dôme;0,206;NA;0,0024
05/23 - 10/23;AMII XpFibre;Altice;departement;63;Puy-de-Dôme;0,1872;0,1872;0,0023
11/22 - 04/23;Auvergne THD;Orange OI;departement;63;Puy-de-Dôme;0,0496;NA;0,0004
02/23 - 07/23;Auvergne THD;Orange OI;departement;63;Puy-de-Dôme;0,0505;NA;0,0004
05/23 - 10/23;Auvergne THD;Orange OI;departement;63;Puy-de-Dôme;0,0477;0,0477;0,0004
11/22 - 04/23;AMII Orange;Orange OI;departement;64;Pyrénées-Atlantiques;0,0563;NA;0,0005
02/23 - 07/23;AMII Orange;Orange OI;departement;64;Pyrénées-Atlantiques;0,0472;NA;0,0004
05/23 - 10/23;AMII Orange;Orange OI;departement;64;Pyrénées-Atlantiques;0,0336;0,0336;0,0003
11/22 - 04/23;La Fibre Paloise;Axione;departement;64;Pyrénées-Atlantiques;0,0734;NA;0,0004
02/23 - 07/23;La Fibre Paloise;Axione;departement;64;Pyrénées-Atlantiques;0,0692;NA;0,0002
05/23 - 10/23;La Fibre Paloise;Axione;departement;64;Pyrénées-Atlantiques;0,0604;0,0604;0,0002
11/22 - 04/23;THD64;Altice;departement;64;Pyrénées-Atlantiques;0,1022;NA;0,0019
02/23 - 07/23;THD64;Altice;departement;64;Pyrénées-Atlantiques;0,1083;NA;0,0018
05/23 - 10/23;THD64;Altice;departement;64;Pyrénées-Atlantiques;0,0863;0,0863;0,0016
11/22 - 04/23;AMII Orange;Orange OI;departement;65;Hautes-Pyrénées;0,0263;NA;0,0003
02/23 - 07/23;AMII Orange;Orange OI;departement;65;Hautes-Pyrénées;0,0315;NA;0,0004
05/23 - 10/23;AMII Orange;Orange OI;departement;65;Hautes-Pyrénées;0,0336;0,0336;0,0005
11/22 - 04/23;FP Orange;Orange OI;departement;65;Hautes-Pyrénées;0,0263;NA;0,0003
02/23 - 07/23;FP Orange;Orange OI;departement;65;Hautes-Pyrénées;0,0315;NA;0,0004
05/23 - 10/23;FP Orange;Orange OI;departement;65;Hautes-Pyrénées;0,0336;0,0336;0,0005
11/22 - 04/23;AMII Orange;Orange OI;departement;66;Pyrénées-Orientales;0,0368;NA;0,0005
02/23 - 07/23;AMII Orange;Orange OI;departement;66;Pyrénées-Orientales;0,0268;NA;0,0006
05/23 - 10/23;AMII Orange;Orange OI;departement;66;Pyrénées-Orientales;0,0201;0,0201;0,0007
11/22 - 04/23;Numérique 66;Altitude;departement;66;Pyrénées-Orientales;0,0346;NA;0,0003
02/23 - 07/23;Numérique 66;Altitude;departement;66;Pyrénées-Orientales;0,0415;NA;0,0004
05/23 - 10/23;Numérique 66;Altitude;departement;66;Pyrénées-Orientales;0,0404;0,0272;0,0005
11/22 - 04/23;AMII Orange;Orange OI;departement;67;Bas-Rhin;0,056;NA;0,0003
02/23 - 07/23;AMII Orange;Orange OI;departement;67;Bas-Rhin;0,0644;NA;0,0003
05/23 - 10/23;AMII Orange;Orange OI;departement;67;Bas-Rhin;0,0616;0,0616;0,0003
11/22 - 04/23;AMII XpFibre;Altice;departement;67;Bas-Rhin;0,0451;NA;0,0008
02/23 - 07/23;AMII XpFibre;Altice;departement;67;Bas-Rhin;0,0436;NA;0,0006
05/23 - 10/23;AMII XpFibre;Altice;departement;67;Bas-Rhin;0,0502;0,0502;0,0007
11/22 - 04/23;Niederbronn THD;Altitude;departement;67;Bas-Rhin;0,0169;NA;0,0011
02/23 - 07/23;Niederbronn THD;Altitude;departement;67;Bas-Rhin;0,0288;NA;0,0009
05/23 - 10/23;Niederbronn THD;Altitude;departement;67;Bas-Rhin;0,0324;0,0197;0,0003
11/22 - 04/23;Rosace;Altitude;departement;67;Bas-Rhin;0,0626;NA;0,0007
02/23 - 07/23;Rosace;Altitude;departement;67;Bas-Rhin;0,0777;NA;0,0006
05/23 - 10/23;Rosace;Altitude;departement;67;Bas-Rhin;0,0915;0,0591;0,0005
11/22 - 04/23;AMII Orange;Orange OI;departement;68;Haut-Rhin;0,0459;NA;0,0003
02/23 - 07/23;AMII Orange;Orange OI;departement;68;Haut-Rhin;0,0383;NA;0,0003
05/23 - 10/23;AMII Orange;Orange OI;departement;68;Haut-Rhin;0,0348;0,0348;0,0003
11/22 - 04/23;AMII XpFibre;Altice;departement;68;Haut-Rhin;0,032;NA;0,0011
02/23 - 07/23;AMII XpFibre;Altice;departement;68;Haut-Rhin;0,0425;NA;0,0007
05/23 - 10/23;AMII XpFibre;Altice;departement;68;Haut-Rhin;0,0399;0,0399;0,0007
11/22 - 04/23;Rosace;Altitude;departement;68;Haut-Rhin;0,0626;NA;0,0006
02/23 - 07/23;Rosace;Altitude;departement;68;Haut-Rhin;0,1003;NA;0,0005
05/23 - 10/23;Rosace;Altitude;departement;68;Haut-Rhin;0,0915;0,0591;0,0005
11/22 - 04/23;AMII Orange;Orange OI;departement;69;Rhône;0,0971;NA;0,0008
02/23 - 07/23;AMII Orange;Orange OI;departement;69;Rhône;0,1057;NA;0,0007
05/23 - 10/23;AMII Orange;Orange OI;departement;69;Rhône;0,0928;0,0928;0,0007
11/22 - 04/23;AMII XpFibre;Altice;departement;69;Rhône;0,2253;NA;0,0066
02/23 - 07/23;AMII XpFibre;Altice;departement;69;Rhône;0,1887;NA;0,0058
05/23 - 10/23;AMII XpFibre;Altice;departement;69;Rhône;0,1552;0,1552;0,0058
11/22 - 04/23;AMII Orange;Orange OI;departement;70;Haute-Saône;0,0512;NA;0,0003
02/23 - 07/23;AMII Orange;Orange OI;departement;70;Haute-Saône;0,0463;NA;0,0003
05/23 - 10/23;AMII Orange;Orange OI;departement;70;Haute-Saône;0,0566;0,0566;0,0002
11/22 - 04/23;Haute Saône Fibre;Orange OI;departement;70;Haute-Saône;0,0245;NA;0,0004
02/23 - 07/23;Haute Saône Fibre;Orange OI;departement;70;Haute-Saône;0,0224;NA;0,0004
05/23 - 10/23;Haute Saône Fibre;Orange OI;departement;70;Haute-Saône;0,0182;0,0182;0,0005
11/22 - 04/23;AMII Orange;Orange OI;departement;71;Saône-et-Loire;0,0348;NA;0,0003
02/23 - 07/23;AMII Orange;Orange OI;departement;71;Saône-et-Loire;0,037;NA;0,0004
05/23 - 10/23;AMII Orange;Orange OI;departement;71;Saône-et-Loire;0,0335;0,0335;0,0005
11/22 - 04/23;AMII XpFibre;Altice;departement;71;Saône-et-Loire;0,1791;NA;0,0026
02/23 - 07/23;AMII XpFibre;Altice;departement;71;Saône-et-Loire;0,116;NA;0,0017
05/23 - 10/23;AMII XpFibre;Altice;departement;71;Saône-et-Loire;0,0921;0,0921;0,0016
11/22 - 04/23;Bourgogne Franche Comté Fibre;Orange OI;departement;71;Saône-et-Loire;0,0215;NA;0,0007
02/23 - 07/23;Bourgogne Franche Comté Fibre;Orange OI;departement;71;Saône-et-Loire;0,0241;NA;0,001
05/23 - 10/23;Bourgogne Franche Comté Fibre;Orange OI;departement;71;Saône-et-Loire;0,025;0,025;0,0012
11/22 - 04/23;Saône-et-Loire THD;Altice (rachats en 2020);departement;71;Saône-et-Loire;0,0772;NA;0,0014
02/23 - 07/23;Saône-et-Loire THD;Altice (rachats en 2020);departement;71;Saône-et-Loire;0,1036;NA;0,001
05/23 - 10/23;Saône-et-Loire THD;Altice (rachats en 2020);departement;71;Saône-et-Loire;0,0842;0,0842;0,0011
11/22 - 04/23;AMII Orange;Orange OI;departement;72;Sarthe;0,0176;NA;0,0003
02/23 - 07/23;AMII Orange;Orange OI;departement;72;Sarthe;0,0161;NA;0,0003
05/23 - 10/23;AMII Orange;Orange OI;departement;72;Sarthe;0,0181;0,0181;0,0003
11/22 - 04/23;Sarthe Numérique;Axione;departement;72;Sarthe;0,0387;NA;0,0007
02/23 - 07/23;Sarthe Numérique;Axione;departement;72;Sarthe;0,0421;NA;0,0008
05/23 - 10/23;Sarthe Numérique;Axione;departement;72;Sarthe;0,0409;0,0409;0,0008
11/22 - 04/23;AMII Orange;Orange OI;departement;73;Savoie;0,0291;NA;0,0003
02/23 - 07/23;AMII Orange;Orange OI;departement;73;Savoie;0,0281;NA;0,0004
05/23 - 10/23;AMII Orange;Orange OI;departement;73;Savoie;0,0244;0,0244;0,0003
11/22 - 04/23;Savoie Connectée;Altice;departement;73;Savoie;0,0873;NA;0,0006
02/23 - 07/23;Savoie Connectée;Altice;departement;73;Savoie;0,0935;NA;0,0011
05/23 - 10/23;Savoie Connectée;Altice;departement;73;Savoie;0,0746;0,0746;0,0011
11/22 - 04/23;AMII Orange;Orange OI;departement;74;Haute-Savoie;0,0368;NA;0,0005
02/23 - 07/23;AMII Orange;Orange OI;departement;74;Haute-Savoie;0,0292;NA;0,0004
05/23 - 10/23;AMII Orange;Orange OI;departement;74;Haute-Savoie;0,0267;0,0267;0,0004
11/22 - 04/23;Faucigny Glières Fibre;TDF;departement;74;Haute-Savoie;0,0308;NA;0
02/23 - 07/23;Faucigny Glières Fibre;TDF;departement;74;Haute-Savoie;0,0308;NA;0
05/23 - 10/23;Faucigny Glières Fibre;TDF;departement;74;Haute-Savoie;0,0568;0,0568;0,0007
11/22 - 04/23;Tutor Haute-Savoie ;Altitude (rachats en 2021);departement;74;Haute-Savoie;0,0979;NA;0,0067
02/23 - 07/23;Tutor Haute-Savoie ;Altitude (rachats en 2021);departement;74;Haute-Savoie;0,1325;NA;0,0051
05/23 - 10/23;Tutor Haute-Savoie ;Altitude (rachats en 2021);departement;74;Haute-Savoie;0,1214;0,0897;0,0041
11/22 - 04/23;AMII Orange;Orange OI;departement;76;Seine-Maritime;0,0413;NA;0,0005
02/23 - 07/23;AMII Orange;Orange OI;departement;76;Seine-Maritime;0,0359;NA;0,0005
05/23 - 10/23;AMII Orange;Orange OI;departement;76;Seine-Maritime;0,0336;0,0336;0,0005
11/22 - 04/23;AMII XpFibre;Altice;departement;76;Seine-Maritime;0,2545;NA;0,0115
02/23 - 07/23;AMII XpFibre;Altice;departement;76;Seine-Maritime;0,2695;NA;0,0106
05/23 - 10/23;AMII XpFibre;Altice;departement;76;Seine-Maritime;0,2524;0,2524;0,0103
11/22 - 04/23;Connect 76;Altice;departement;76;Seine-Maritime;0,0949;NA;0,0038
02/23 - 07/23;Connect 76;Altice;departement;76;Seine-Maritime;0,0807;NA;0,0034
05/23 - 10/23;Connect 76;Altice;departement;76;Seine-Maritime;0,0582;0,0582;0,0037
11/22 - 04/23;Gonfreville Télécom;Axione;departement;76;Seine-Maritime;0,093;NA;0
02/23 - 07/23;Gonfreville Télécom;Axione;departement;76;Seine-Maritime;0,049;NA;0,0001
05/23 - 10/23;Gonfreville Télécom;Axione;departement;76;Seine-Maritime;0,0655;0,0655;0,0006
11/22 - 04/23;AMII Orange;Orange OI;departement;77;Seine-et-Marne;0,0681;NA;0,0018
02/23 - 07/23;AMII Orange;Orange OI;departement;77;Seine-et-Marne;0,0623;NA;0,0021
05/23 - 10/23;AMII Orange;Orange OI;departement;77;Seine-et-Marne;0,0505;0,0505;0,0021
11/22 - 04/23;AMII XpFibre;Altice;departement;77;Seine-et-Marne;0,1136;NA;0,0039
02/23 - 07/23;AMII XpFibre;Altice;departement;77;Seine-et-Marne;0,1097;NA;0,0039
05/23 - 10/23;AMII XpFibre;Altice;departement;77;Seine-et-Marne;0,0914;0,0914;0,0042
11/22 - 04/23;Seine et Marne THD;Altice (rachats en 2020);departement;77;Seine-et-Marne;0,0938;NA;0,0059
02/23 - 07/23;Seine et Marne THD;Altice (rachats en 2020);departement;77;Seine-et-Marne;0,0956;NA;0,0048
05/23 - 10/23;Seine et Marne THD;Altice (rachats en 2020);departement;77;Seine-et-Marne;0,1183;0,1183;0,0048
11/22 - 04/23;AMII Orange;Orange OI;departement;78;Yvelines;0,0285;NA;0,0006
02/23 - 07/23;AMII Orange;Orange OI;departement;78;Yvelines;0,0293;NA;0,0005
05/23 - 10/23;AMII Orange;Orange OI;departement;78;Yvelines;0,0271;0,0271;0,0005
11/22 - 04/23;AMII XpFibre;Altice;departement;78;Yvelines;0,1866;NA;0,0104
02/23 - 07/23;AMII XpFibre;Altice;departement;78;Yvelines;0,181;NA;0,0123
05/23 - 10/23;AMII XpFibre;Altice;departement;78;Yvelines;0,1799;0,1799;0,0181
11/22 - 04/23;Yvelines Fibre;TDF;departement;78;Yvelines;0,0827;NA;0,0007
02/23 - 07/23;Yvelines Fibre;TDF;departement;78;Yvelines;0,0799;NA;0,0009
05/23 - 10/23;Yvelines Fibre;TDF;departement;78;Yvelines;0,0881;0,0881;0,001
11/22 - 04/23;AMEL Orange;Orange OI;departement;79;Deux-Sèvres;0,0322;NA;0,0004
02/23 - 07/23;AMEL Orange;Orange OI;departement;79;Deux-Sèvres;0,0246;NA;0,0004
05/23 - 10/23;AMEL Orange;Orange OI;departement;79;Deux-Sèvres;0,0175;0,0175;0,0005
11/22 - 04/23;AMII Orange;Orange OI;departement;79;Deux-Sèvres;0,0322;NA;0,0004
02/23 - 07/23;AMII Orange;Orange OI;departement;79;Deux-Sèvres;0,0246;NA;0,0004
05/23 - 10/23;AMII Orange;Orange OI;departement;79;Deux-Sèvres;0,0175;0,0175;0,0005
11/22 - 04/23;Syndicat Mixte Ouvert Deux Sèvres Numérique;Orange OI;departement;79;Deux-Sèvres;0,0376;NA;0,0006
02/23 - 07/23;Syndicat Mixte Ouvert Deux Sèvres Numérique;Orange OI;departement;79;Deux-Sèvres;0,0348;NA;0,0007
05/23 - 10/23;Syndicat Mixte Ouvert Deux Sèvres Numérique;Orange OI;departement;79;Deux-Sèvres;0,0267;0,0267;0,0007
11/22 - 04/23;AMII Orange;Orange OI;departement;80;Somme;0,0688;NA;0,0005
02/23 - 07/23;AMII Orange;Orange OI;departement;80;Somme;0,0621;NA;0,0006
05/23 - 10/23;AMII Orange;Orange OI;departement;80;Somme;0,0664;0,0664;0,0004
11/22 - 04/23;Tutor Somme;Altitude (rachats en 2021);departement;80;Somme;0,0545;NA;0,002
02/23 - 07/23;Tutor Somme;Altitude (rachats en 2021);departement;80;Somme;0,0656;NA;0,0016
05/23 - 10/23;Tutor Somme;Altitude (rachats en 2021);departement;80;Somme;0,059;0,0347;0,0014
11/22 - 04/23;AMII Orange;Orange OI;departement;81;Tarn;0,0419;NA;0,0003
02/23 - 07/23;AMII Orange;Orange OI;departement;81;Tarn;0,0409;NA;0,0003
05/23 - 10/23;AMII Orange;Orange OI;departement;81;Tarn;0,0274;0,0274;0,0002
11/22 - 04/23;AMII XpFibre;Altice;departement;81;Tarn;0,1296;NA;0,0008
02/23 - 07/23;AMII XpFibre;Altice;departement;81;Tarn;0,1255;NA;0,0011
05/23 - 10/23;AMII XpFibre;Altice;departement;81;Tarn;0,094;0,094;0,0012
11/22 - 04/23;Tarn fibre;Altice;departement;81;Tarn;0,1476;NA;0,0019
02/23 - 07/23;Tarn fibre;Altice;departement;81;Tarn;0,1554;NA;0,0026
05/23 - 10/23;Tarn fibre;Altice;departement;81;Tarn;0,1421;0,1421;0,0037
11/22 - 04/23;AMII Orange;Orange OI;departement;82;Tarn-et-Garonne;0,1111;NA;0,0018
02/23 - 07/23;AMII Orange;Orange OI;departement;82;Tarn-et-Garonne;0,1251;NA;0,0021
05/23 - 10/23;AMII Orange;Orange OI;departement;82;Tarn-et-Garonne;0,123;0,123;0,0018
11/22 - 04/23;Octogone Fibre;Altitude;departement;82;Tarn-et-Garonne;0,0799;NA;0,002
02/23 - 07/23;Octogone Fibre;Altitude;departement;82;Tarn-et-Garonne;0,13;NA;0,0031
05/23 - 10/23;Octogone Fibre;Altitude;departement;82;Tarn-et-Garonne;0,1291;0,0915;0,0034
11/22 - 04/23;AMEL XpFibre;Altice;departement;83;Var;0,1048;NA;0,0019
02/23 - 07/23;AMEL XpFibre;Altice;departement;83;Var;0,0847;NA;0,0018
05/23 - 10/23;AMEL XpFibre;Altice;departement;83;Var;0,0847;0,0847;0,0017
11/22 - 04/23;AMII Orange;Orange OI;departement;83;Var;0,0697;NA;0,0011
02/23 - 07/23;AMII Orange;Orange OI;departement;83;Var;0,0876;NA;0,0012
05/23 - 10/23;AMII Orange;Orange OI;departement;83;Var;0,0859;0,0859;0,0012
11/22 - 04/23;AMII XpFibre;Altice;departement;83;Var;0,0927;NA;0,0019
02/23 - 07/23;AMII XpFibre;Altice;departement;83;Var;0,0886;NA;0,0018
05/23 - 10/23;AMII XpFibre;Altice;departement;83;Var;0,0847;0,0847;0,0017
11/22 - 04/23;Var Très Haut Débit;Orange OI;departement;83;Var;0,0729;NA;0,0014
02/23 - 07/23;Var Très Haut Débit;Orange OI;departement;83;Var;0,0629;NA;0,0014
05/23 - 10/23;Var Très Haut Débit;Orange OI;departement;83;Var;0,0539;0,0539;0,0013
11/22 - 04/23;AMEL XpFibre;Altice;departement;84;Vaucluse;0,1748;NA;0,0036
02/23 - 07/23;AMEL XpFibre;Altice;departement;84;Vaucluse;0,1617;NA;0,0038
05/23 - 10/23;AMEL XpFibre;Altice;departement;84;Vaucluse;0,098;0,098;0,0029
11/22 - 04/23;AMII Orange;Orange OI;departement;84;Vaucluse;0,0699;NA;0,0013
02/23 - 07/23;AMII Orange;Orange OI;departement;84;Vaucluse;0,0615;NA;0,0011
05/23 - 10/23;AMII Orange;Orange OI;departement;84;Vaucluse;0,0608;0,0608;0,0012
11/22 - 04/23;AMII XpFibre;Altice;departement;84;Vaucluse;0,131;NA;0,0036
02/23 - 07/23;AMII XpFibre;Altice;departement;84;Vaucluse;0,1232;NA;0,0038
05/23 - 10/23;AMII XpFibre;Altice;departement;84;Vaucluse;0,098;0,098;0,0029
11/22 - 04/23;Vaucluse Numérique;Axione;departement;84;Vaucluse;0,1213;NA;0,0023
02/23 - 07/23;Vaucluse Numérique;Axione;departement;84;Vaucluse;0,1128;NA;0,0023
05/23 - 10/23;Vaucluse Numérique;Axione;departement;84;Vaucluse;0,1202;0,1202;0,0021
11/22 - 04/23;AMII Orange;Orange OI;departement;85;Vendée;0,0201;NA;0,0002
02/23 - 07/23;AMII Orange;Orange OI;departement;85;Vendée;0,0217;NA;0,0002
05/23 - 10/23;AMII Orange;Orange OI;departement;85;Vendée;0,0221;0,0221;0,0003
11/22 - 04/23;Vendée Numérique;Altitude;departement;85;Vendée;0,0349;NA;0,0007
02/23 - 07/23;Vendée Numérique;Altitude;departement;85;Vendée;0,0456;NA;0,0006
05/23 - 10/23;Vendée Numérique;Altitude;departement;85;Vendée;0,0455;0,0294;0,0007
11/22 - 04/23;AMEL Orange;Orange OI;departement;86;Vienne;0,0504;NA;0,0003
02/23 - 07/23;AMEL Orange;Orange OI;departement;86;Vienne;0,0605;NA;0,0003
05/23 - 10/23;AMEL Orange;Orange OI;departement;86;Vienne;0,0585;0,0585;0,0004
11/22 - 04/23;AMII Orange;Orange OI;departement;86;Vienne;0,0504;NA;0,0003
02/23 - 07/23;AMII Orange;Orange OI;departement;86;Vienne;0,0605;NA;0,0003
05/23 - 10/23;AMII Orange;Orange OI;departement;86;Vienne;0,0585;0,0585;0,0004
11/22 - 04/23;Régie Vienne Numérique;Orange OI;departement;86;Vienne;0,0526;NA;0,0005
02/23 - 07/23;Régie Vienne Numérique;Orange OI;departement;86;Vienne;0,0499;NA;0,0006
05/23 - 10/23;Régie Vienne Numérique;Orange OI;departement;86;Vienne;0,0511;0,0511;0,0007
11/22 - 04/23;AMEL Orange;Orange OI;departement;87;Haute-Vienne;0,0278;NA;0,0005
02/23 - 07/23;AMEL Orange;Orange OI;departement;87;Haute-Vienne;0,0282;NA;0,0006
05/23 - 10/23;AMEL Orange;Orange OI;departement;87;Haute-Vienne;0,0277;0,0277;0,0005
11/22 - 04/23;AMII Orange;Orange OI;departement;87;Haute-Vienne;0,0278;NA;0,0005
02/23 - 07/23;AMII Orange;Orange OI;departement;87;Haute-Vienne;0,0282;NA;0,0006
05/23 - 10/23;AMII Orange;Orange OI;departement;87;Haute-Vienne;0,0277;0,0277;0,0005
11/22 - 04/23;Nouvelle Aquitaine THD;Axione;departement;87;Haute-Vienne;0,0485;NA;0,0012
02/23 - 07/23;Nouvelle Aquitaine THD;Axione;departement;87;Haute-Vienne;0,0491;NA;0,0011
05/23 - 10/23;Nouvelle Aquitaine THD;Axione;departement;87;Haute-Vienne;0,0461;0,0461;0,0008
11/22 - 04/23;AMII Orange;Orange OI;departement;88;Vosges;0,0623;NA;0,0005
02/23 - 07/23;AMII Orange;Orange OI;departement;88;Vosges;0,0472;NA;0,0003
05/23 - 10/23;AMII Orange;Orange OI;departement;88;Vosges;0,0614;0,0614;0,0003
11/22 - 04/23;AMII XpFibre;Altice;departement;88;Vosges;0,0224;NA;0,0002
02/23 - 07/23;AMII XpFibre;Altice;departement;88;Vosges;0,0315;NA;0,0003
05/23 - 10/23;AMII XpFibre;Altice;departement;88;Vosges;0,0508;0,0508;0,0003
11/22 - 04/23;FP XpFibre;Altice;departement;88;Vosges;0,0293;NA;0,0002
02/23 - 07/23;FP XpFibre;Altice;departement;88;Vosges;0,0399;NA;0,0003
05/23 - 10/23;FP XpFibre;Altice;departement;88;Vosges;0,0508;0,0508;0,0003
11/22 - 04/23;Losange;Altitude;departement;88;Vosges;0,0412;NA;0,0005
02/23 - 07/23;Losange;Altitude;departement;88;Vosges;0,0478;NA;0,0005
05/23 - 10/23;Losange;Altitude;departement;88;Vosges;0,0762;0,046;0,0004
11/22 - 04/23;AMII Orange;Orange OI;departement;89;Yonne;0,0319;NA;0,0002
02/23 - 07/23;AMII Orange;Orange OI;departement;89;Yonne;0,0462;NA;0,0002
05/23 - 10/23;AMII Orange;Orange OI;departement;89;Yonne;0,0493;0,0493;0,0002
11/22 - 04/23;Bourgogne Franche Comté Fibre;Orange OI;departement;89;Yonne;0,0189;NA;0,0004
02/23 - 07/23;Bourgogne Franche Comté Fibre;Orange OI;departement;89;Yonne;0,0188;NA;0,0005
05/23 - 10/23;Bourgogne Franche Comté Fibre;Orange OI;departement;89;Yonne;0,019;0,019;0,0005
11/22 - 04/23;Yconik;Altitude;departement;89;Yonne;0,0295;NA;0,0012
02/23 - 07/23;Yconik;Altitude;departement;89;Yonne;0,0381;NA;0,0012
05/23 - 10/23;Yconik;Altitude;departement;89;Yonne;0,0363;0,027;0,001
11/22 - 04/23;AMII Orange;Orange OI;departement;90;Territoire de Belfort;0,0602;NA;0,0007
02/23 - 07/23;AMII Orange;Orange OI;departement;90;Territoire de Belfort;0,0596;NA;0,0007
05/23 - 10/23;AMII Orange;Orange OI;departement;90;Territoire de Belfort;0,0598;0,0598;0,0006
11/22 - 04/23;FP Orange;Orange OI;departement;90;Territoire de Belfort;0,0602;NA;0,0007
02/23 - 07/23;FP Orange;Orange OI;departement;90;Territoire de Belfort;0,0596;NA;0,0007
05/23 - 10/23;FP Orange;Orange OI;departement;90;Territoire de Belfort;0,0598;0,0598;0,0006
11/22 - 04/23;AMII Orange;Orange OI;departement;91;Essonne;0,0688;NA;0,003
02/23 - 07/23;AMII Orange;Orange OI;departement;91;Essonne;0,0797;NA;0,0029
05/23 - 10/23;AMII Orange;Orange OI;departement;91;Essonne;0,0808;0,0808;0,0029
11/22 - 04/23;AMII XpFibre;Altice;departement;91;Essonne;0,126;NA;0,008
02/23 - 07/23;AMII XpFibre;Altice;departement;91;Essonne;0,1241;NA;0,0086
05/23 - 10/23;AMII XpFibre;Altice;departement;91;Essonne;0,1141;0,1141;0,0091
11/22 - 04/23;Communauté d'agglomération du plateau de saclay;Orange OI;departement;91;Essonne;0,0403;NA;0,0019
02/23 - 07/23;Communauté d'agglomération du plateau de saclay;Orange OI;departement;91;Essonne;0,0517;NA;0,0021
05/23 - 10/23;Communauté d'agglomération du plateau de saclay;Orange OI;departement;91;Essonne;0,0783;0,0783;0,0023
11/22 - 04/23;Essonne Numérique THD;Altice (rachats en 2020);departement;91;Essonne;0,1411;NA;0,0023
02/23 - 07/23;Essonne Numérique THD;Altice (rachats en 2020);departement;91;Essonne;0,1017;NA;0,0019
05/23 - 10/23;Essonne Numérique THD;Altice (rachats en 2020);departement;91;Essonne;0,0707;0,0707;0,0016
11/22 - 04/23;Seine Essonne THD;Altitude (rachats en 2021);departement;91;Essonne;0,1536;NA;0,0239
02/23 - 07/23;Seine Essonne THD;Altitude (rachats en 2021);departement;91;Essonne;0,1724;NA;0,0185
05/23 - 10/23;Seine Essonne THD;Altitude (rachats en 2021);departement;91;Essonne;0,1641;0,1196;0,0186
11/22 - 04/23;Sequantic Telecom;Altitude (rachats en 2021);departement;91;Essonne;0,2136;NA;0,0537
02/23 - 07/23;Sequantic Telecom;Altitude (rachats en 2021);departement;91;Essonne;0,2883;NA;0,0398
05/23 - 10/23;Sequantic Telecom;Altitude (rachats en 2021);departement;91;Essonne;0,3146;0,2621;0,035
11/22 - 04/23;Tutor Europ'Essonne;Altitude (rachats en 2021);departement;91;Essonne;0,2442;NA;0,0509
02/23 - 07/23;Tutor Europ'Essonne;Altitude (rachats en 2021);departement;91;Essonne;0,2874;NA;0,0348
05/23 - 10/23;Tutor Europ'Essonne;Altitude (rachats en 2021);departement;91;Essonne;0,2969;0,2404;0,028
11/22 - 04/23;XpFibre 92;Altice (rachats en 2020);departement;92;Hauts-de-Seine;0,1469;NA;0,001
02/23 - 07/23;XpFibre 92;Altice (rachats en 2020);departement;92;Hauts-de-Seine;0,1625;NA;0,0013
05/23 - 10/23;XpFibre 92;Altice (rachats en 2020);departement;92;Hauts-de-Seine;0,136;0,136;0,0016
11/22 - 04/23;AMII Orange;Orange OI;departement;93;Seine-Saint-Denis;0,0935;NA;0,0051
02/23 - 07/23;AMII Orange;Orange OI;departement;93;Seine-Saint-Denis;0,1173;NA;0,0051
05/23 - 10/23;AMII Orange;Orange OI;departement;93;Seine-Saint-Denis;0,1008;0,1008;0,0044
11/22 - 04/23;AMII XpFibre;Altice;departement;93;Seine-Saint-Denis;0,13;NA;0,0301
02/23 - 07/23;AMII XpFibre;Altice;departement;93;Seine-Saint-Denis;0,107;NA;0,0269
05/23 - 10/23;AMII XpFibre;Altice;departement;93;Seine-Saint-Denis;0,0946;0,0946;0,0226
11/22 - 04/23;Debitex Telecom;Altice;departement;93;Seine-Saint-Denis;0,1612;NA;0,0309
02/23 - 07/23;Debitex Telecom;Altice;departement;93;Seine-Saint-Denis;0,1348;NA;0,0312
05/23 - 10/23;Debitex Telecom;Altice;departement;93;Seine-Saint-Denis;0,0857;0,0857;0,0295
11/22 - 04/23;AMII Orange;Orange OI;departement;94;Val-de-Marne;0,0691;NA;0,001
02/23 - 07/23;AMII Orange;Orange OI;departement;94;Val-de-Marne;0,0854;NA;0,0011
05/23 - 10/23;AMII Orange;Orange OI;departement;94;Val-de-Marne;0,0766;0,0766;0,0011
11/22 - 04/23;AMII XpFibre;Altice;departement;94;Val-de-Marne;0,119;NA;0,0038
02/23 - 07/23;AMII XpFibre;Altice;departement;94;Val-de-Marne;0,09;NA;0,0031
05/23 - 10/23;AMII XpFibre;Altice;departement;94;Val-de-Marne;0,0897;0,0897;0,0028
11/22 - 04/23;Valofibre;Altice;departement;94;Val-de-Marne;0,1905;NA;0,0097
02/23 - 07/23;Valofibre;Altice;departement;94;Val-de-Marne;0,2105;NA;0,0095
05/23 - 10/23;Valofibre;Altice;departement;94;Val-de-Marne;0,0467;0,0467;0,0145
11/22 - 04/23;AMII Orange;Orange OI;departement;95;Val-d'Oise;0,0932;NA;0,002
02/23 - 07/23;AMII Orange;Orange OI;departement;95;Val-d'Oise;0,0889;NA;0,0015
05/23 - 10/23;AMII Orange;Orange OI;departement;95;Val-d'Oise;0,0745;0,0745;0,0015
11/22 - 04/23;AMII XpFibre;Altice;departement;95;Val-d'Oise;0,1723;NA;0,0166
02/23 - 07/23;AMII XpFibre;Altice;departement;95;Val-d'Oise;0,1534;NA;0,0157
05/23 - 10/23;AMII XpFibre;Altice;departement;95;Val-d'Oise;0,1433;0,1433;0,0147
11/22 - 04/23;Debitex Telecom;Altice;departement;95;Val-d'Oise;0,1529;NA;NA
02/23 - 07/23;Debitex Telecom;Altice;departement;95;Val-d'Oise;0,1529;NA;NA
05/23 - 10/23;Debitex Telecom;Altice;departement;95;Val-d'Oise;0,0857;0,0857;NA
11/22 - 04/23;Val d’Oise Fibre;TDF;departement;95;Val-d'Oise;0,0666;NA;0,0012
02/23 - 07/23;Val d’Oise Fibre;TDF;departement;95;Val-d'Oise;0,0635;NA;0,0014
05/23 - 10/23;Val d’Oise Fibre;TDF;departement;95;Val-d'Oise;0,0772;0,0772;0,0012
